word	slots	n_docs
a	N1b,N3,N6	5
a-da-ma-o	N2,N4,N5,N7	4
a-da-ra-ro	N3	1
a-da-ra-te-ja	N1	2
a-da-ra-ti-jo	N1	1
a-de-me-we	N4	1
a-de-te-re	N1	1
a-di-je-wo	N3	2
a-di-nwa-ta	N5,N6	1
a-di-ri-jo	N3	1
a-du-ru-po-to	N3	1
a-e-ri-qo	N5	1
a-e-ri-qo-ta	N1	2
a-i-qe-u	N4	2
a-ka	N1b,N3	5
a-ka-i-jo	N3,N5,N6	2
a-ka-ma-wo	N2,N5	3
a-ka-re-u-te	N1b	1
a-ka-ta-jo	N2,N3	2
a-ka-to	N3	1
a-ka-to-wa	N6	1
a-ke-e-to	N3	1
a-ke-o	N1b	1
a-ke-ra-no	N5,N6	1
a-ke-ra-wo	N2,N5,N6	2
a-ke-re-wa	N1,N1b	4
a-ke-ro	N4	1
a-ke-ta	N1	1
a-ke-ti-jo	N1	1
a-ke-ti-ra2	N1	1
a-ke-ti-ra2-o	N1b	2
a-ke-ti-ri-ja	N1	2
a-ke-u	N3	2
a-ke-wa-ta	N1	1
a-ke-wo	N6	1
a-ki-re-u	N6	1
a-ki-wa-ta	N1	1
a-ko-da-mo	N1	1
a-ko-i-da	N3	1
a-ko-mo-ni-jo	N3	3
a-ko-ra	N5	1
a-ko-ra-jo	N1,N6	1
a-ko-ro	N3	1
a-ko-ro-qo-ro	N3	1
a-ko-ro-we	N1	1
a-ko-ro-we-e	N1	1
a-ko-ro-we-i	N1	1
a-ko-so-ta	N1	1
a-ko-to-wo	N1,N2	3
a-ku-di-ri-jo	N3,N6	2
a-ma	N6	1
a-ma-no	N5,N6	1
a-ma-ru-ta	N2,N7	1
a-ma-to-wo	N1	1
a-me-a	N3	1
a-me-no	N1	1
a-me-to	N1	1
a-mi-ni-si-jo	N1,N6	2
a-mi-ni-so	N6	1
a-mo-si	N1	1
a-mo-ta-jo	N1	1
a-mu-ta-wo-no	N1	1
a-na-ki-ti	N3	1
a-na-te-u	N5	1
a-ne-o	N4	1
a-ne-te-wa	N5,N6	1
a-ne-u-da	N5,N6	1
a-ni-ja-to	N3	1
a-no	N2	1
a-no-ke-wa	N1	1
a-no-ke-we	N1b,N3	2
a-no-me-de	N1	1
a-no-no	N7	1
a-no-po	N2	1
a-no-qa-si-ja	N7	1
a-no-qo	N3	1
a-no-qo-ta	N1,N3,N6	3
a-no-ra-ta	N1,N5	2
a-no-ta	N1	1
a-nu-ko	N3	3
a-nu-mo	N3	2
a-nu-to	N6	1
a-nu-wa	N1b	1
a-nu-wa-to	N1,N6	1
a-nu-wi-ko	N1	1
a-pa-je-u	N1	1
a-pe-a-sa	N6	1
a-pe-o	N1	1
a-pe-o-te	N1	1
a-pe-te-u	N1,N5	2
a-pi-a2-ro	N1,N4	4
a-pi-da-ta	N5,N6	1
a-pi-me-de	N1,N4	2
a-pi-o-to	N1b	2
a-pi-qo-o	N1b	1
a-pi-qo-ro	N1,N1b	2
a-pi-qo-ta	N2,N5	2
a-pi-qo-ta-o	N1b	1
a-pi-ra-wo	N1	1
a-pi-re-jo	N5,N6	1
a-pi-te-wa	N1b	1
a-pi-wa-to	N1	1
a-po-ne-we	N1	2
a-pu-ko-wo-ko	N1	1
a-pu2-we	N1,N1b	3
a-qa-to	N1	1
a-qe-mo	N3	1
a-qi-ja-i	N1	1
a-qi-ro	N3	1
a-ra-da-jo	N1,N6	1
a-ra-i-jo	N1	1
a-ra-ka-jo	N1	1
a-ra-ka-te-ja	N1	1
a-ra-ka-te-ja-o	N1b	1
a-ra-ko	N1,N3,N6	3
a-ra-na-ro	N1,N6	1
a-ra-si-jo	N3	1
a-re-i	N6	1
a-re-jo	N5,N6	1
a-re-ke-se-u	N3	1
a-re-ku-tu-ru-wo	N4	1
a-re-pe-se-u	N1	1
a-re-po-zo-o	N4	1
a-re-su-ti-jo	N1	1
a-re-ta-wo	N6	1
a-re-ta2	N3	1
a-re-te-re-u	N6	1
a-ri-ja-to	N1	1
a-ri-ko	N3	1
a-ri-qa	N5	1
a-ri-qo	N1b	1
a-ri-wo-ne	N2	1
a-ro-po	N1	1
a-ro-wo-ta	N5,N6	1
a-sa-ro	N6	1
a-se-e	N1	1
a-si-wi-jo	N1,N3	2
a-so-na	N1	1
a-so-qi-jo	N1	1
a-ta	N1	1
a-ta-ma-ne-we	N2	1
a-ta-ma-ta	N1	1
a-ta-no	N5,N6	1
a-ta-no-re	N2	1
a-ta-o	N1b,N5	2
a-ta-qe	N1	1
a-ta-ro-we	N1	1
a-ta-tu-ro	N5	1
a-ta-wo	N1	1
a-te-i-ja-ta	N3	2
a-te-jo	N3	9
a-te-mo	N3,N5	3
a-te-we	N1	1
a-ti-ja-wo	N5	1
a-ti-jo	N1	1
a-ti-pa-mo	N1	2
a-ti-ro	N3	1
a-to	N6	1
a-to-me-ja	N1,N6	1
a-to-mo	N1	1
a-to-po-qo	N1	2
a-tu-ko	N3,N5	3
a-tu-qo-ta	N1	1
a-wa-so	N3	2
a-wa-ti-ka-ra	N1	1
a-we-ke-se-u	N1,N5	2
a-we-ke-se-we	N2	1
a-we-u-pi	N1	1
a-wo-i-jo	N2,N3	2
a-wo-ro	N1	1
a-wo-ti-jo	N3	1
a-ze-o	N3	1
a-ze-ta	N3	1
a-ze-ti-ri-ja	N1,N6	1
a2-e-ta	N1	1
a2-ka-a2-ki-ri-ja-jo	N1b	1
a2-ki-ja	N1b	1
a2-nu-me-no	N5	1
a2-ra-tu-a	N1b	1
a2-ra-tu-wa	N1	1
a2-ta	N1	2
a3	N3	2
a3-du-wo-na	N1,N6	1
a3-ke-ta	N3	1
a3-ke-wa-to	N3	2
a3-ki	N1	1
a3-ki-e-we	N2	1
a3-ki-e-wo	N5	1
a3-ko-ta	N1,N1b	2
a3-ku-pi-ti-jo	N3	1
a3-mi-re-we	N3	9
a3-ni-jo	N5,N6	1
a3-nu-me-no	N1	1
a3-so-ni-jo	N1	2
a3-ta-ro	N1	1
a3-ta-ro-we	N3	1
a3-te-re	N1	1
a3-ti-jo-qe	N2,N7	1
a3-ti-jo-qo	N4	3
a3-to	N3	1
a3-wa-ta	N6	1
au	N1	1
au-ke-wa	N1	1
au-ri-jo	N3	2
au-ta-mo	N5	2
au-ta2	N3	1
au-wi-ja-to	N1	1
da	N3	2
da-i-ja-ke-re-u	N1	1
da-i-mi-so	N3	1
da-i-qo-ta	N3	1
da-i-ta-ra-ro	N3	1
da-i-ze-to	N3	1
da-ja-ro	N3	2
da-ka-sa-na-ta	N1b	1
da-ko-ro	N1	3
da-ko-so	N5,N6	1
da-ma	N3	1
da-mi-jo	N7	1
da-mi-ni-jo	N3	10
da-mo	N2,N6,N7	39
da-na	N1	1
da-na-jo	N3	1
da-na-ko	N1	1
da-o-ta	N5,N6	1
da-ra-ko	N3	1
da-ra-mu-ro	N3	1
da-ro	N3	1
da-te-ne-ja	N1	1
da-to-ja-ro	N3	1
da-to-ro	N3	2
da-u-ta-ro	N1	1
da-wa-no	N5,N6	1
da-wi	N3	1
da-wi-ja	N1b	1
da-wo	N3	13
de	N1	3
de-a-ta	N3	1
de-ke-se-u	N3	2
de-mo-qe	N2	1
de-ni-mo	N3	1
de-u-ki-jo-qe	N1	1
de-we-ra	N3	1
deest	N3	4
di	N1,N5	2
di-da-ka-re	N1b	1
di-de-ro	N3	1
di-ka-ta-ro	N3,N6	2
di-ki	N3	1
di-ki-nu-wo	N3	1
di-ko-to	N3	1
di-nu-wa-ta	N5	1
di-ra-po-ro	N4	1
di-ra-qo	N3	1
di-ra-wo-no	N5	1
di-ro	N3	1
di-ta-ka-so	N3	1
di-wi-ja-wo	N5,N6	1
di-wo	N1b,N3	2
di-wo-a-ne	N6	1
di-za	N3	1
di-za-so	N3	1
di-zo	N5	1
do-e-ra	N1,N4	22
do-e-ro	N1,N2,N4,N5,N6	24
do-ka-ma-i	N1	1
do-qe-u	N1	1
do-qo-no	N2	1
do-qo-so	N1	1
do-ri-jo	N1	1
do-ro	N3	1
do-ro-jo-jo	N2	1
do-ro-me-u	N1	1
do-ti	N3	1
do-ti-ja	N1,N3,N6	7
do-ti-jo	N3	1
du	N3,N6	2
du-ko-so	N5	1
du-ma	N1	2
du-ni	N3	2
du-ni-jo	N1,N1b,N2,N4	5
du-pi-jo	N6	1
du-pu2-ra-zo	N3	1
du-re-u	N1	1
du-ri	N3	1
du-ro	N3	1
du-ru-po	N1,N6	1
du-ta-so	N3	1
du-to	N1,N6	1
du-wo-jo	N5	1
e	N1,N2,N5,N6	5
e-do-mo-ne-u	N1	2
e-do-mo-ne-we	N2	1
e-i-ja-si	N1	1
e-ka-no	N5	1
e-ka-ra	N7	1
e-ka-ra-e-we	N3	4
e-ke	N3,N4,N6,N7	31
e-ke-i-ja-ta	N1	1
e-ke-ne	N1b	1
e-ke-qe	N4	36
e-ke-ra2-wo-no	N1	1
e-ke-ro	N5	1
e-ke-ro-qo-no	N1	2
e-ke-se	N1	1
e-ke-si-jo	N1	1
e-ki-no	N3	1
e-ki-wo	N1	1
e-ko-so	N3	11
e-ko-to-ri-jo	N2	1
e-me-si-jo	N3	1
e-na-po-ro	N1b	2
e-ne-e-si	N1	1
e-ne-ka	N1b	1
e-ne-ke-se-u	N3	1
e-ne-ra	N1	1
e-ni-ja-u-si-jo	N1	1
e-nwa-ri-jo	N1	1
e-pa-re	N1	1
e-pa-ta	N1	1
e-pe-ke-u	N5	1
e-pi-da-o	N5,N6	1
e-pi-jo-ta-na	N1	1
e-pi-ki-to-ni-ja	N1	1
e-pi-ko-o	N1	1
e-pi-ta-jo	N5	1
e-qa-ro	N3	1
e-qe	N1	1
e-qo-te	N1	1
e-ra	N3	5
e-ra-ja	N1,N1b,N3,N6	2
e-ra-ne	N1	1
e-ra-se	N1	1
e-ra-te-i	N1	1
e-ra-te-re-wa-pi	N1b	1
e-ra-to	N3	1
e-re-e	N1	1
e-re-e-we	N1b	1
e-re-i	N1b	1
e-re-pa-i-ro	N6	1
e-re-ta	N1	1
e-re-u-ta	N1	1
e-ri-no-wo-te	N1b	1
e-ri-qi-jo	N4	1
e-ri-ta-qi-jo	N6	1
e-ri-to-ti-no	N1b	1
e-ri-we-ro	N2	1
e-ro-ma-to	N1	1
e-ro-u-ta	N3	1
e-ru-si-jo	N2	1
e-ru-ta-jo	N1	1
e-ru-to-ro	N3,N5,N6	2
e-sa-re-we	N1	1
e-se-re-e-jo	N3	2
e-ta-je-u	N1b	1
e-te-do-mo	N4	3
e-te-wa	N2	1
e-te-wa-no	N2	1
e-te-we	N2	1
e-ti-ra-wo	N2	1
e-ti-wa-ja	N1	1
e-to	N3	1
e-to-ni-jo	N1b	1
e-u-da-mo	N1	1
e-u-de-we-ro	N1	2
e-u-do-no	N1	1
e-u-ka-ro	N1	2
e-u-ko-me-no	N5	1
e-u-ko-ro	N3	2
e-u-me-de	N4	2
e-u-me-ne	N1,N4	3
e-u-me-ta	N3	1
e-u-mo	N3	1
e-u-na-wo	N3,N5,N6	2
e-u-o-mo	N6	1
e-u-po-ro-qe	N1	1
e-u-po-ro-wo	N1	2
e-u-qo-ne	N2	1
e-u-ru-wo-ta	N1	1
e-u-wa-ko-ro	N5	1
e-u-wa-re	N1	1
e-u-we-to	N1	1
e-wa-ra-jo	N3	1
e-we-de-u	N6	1
e-we-za-no	N1	1
e-wi-ri-pi-ja	N1	1
e-wi-ri-po	N1	1
e-wi-ta-jo	N6	1
e-wi-te-we	N2	1
e-wi-to-wo	N1	1
e-wo-ro-qe	N1	1
e-zo-wo	N2	2
fragmentum	N6	3
graffito	N3	2
i	N2,N7	1
i-e-re-u	N4	1
i-ja-te	N4	1
i-je-re-ja	N4	2
i-je-re-u	N1,N4	2
i-je-ro	N3	1
i-jo-qe	N1	1
i-jo-te	N1	1
i-ke-ke-ra	N3	1
i-ke-se	N6	1
i-ke-se-ra	N3	1
i-ma-di-ja	N4	1
i-ma-di-jo	N1,N2,N7	2
i-mi-ri-jo	N3	1
i-mo-ro-ne-u	N5,N6	1
i-na-ne	N1	1
i-na-ni-ja	N1	1
i-na-o	N1	2
i-ne-u	N3,N6	2
i-pe-ra-ta	N5	1
i-pe-se-wa	N2	1
i-pe-ta	N3	1
i-pi	N5	1
i-qo-jo	N7	1
i-se-we-ri-jo	N1,N3	2
i-ta	N6	1
i-ta-ja	N1	1
i-ta-ra-jo	N5	1
i-te-ja-o	N1b	1
i-te-u	N1,N6	1
i-to	N1,N6	1
i-wa-ka	N1	1
i-wa-ka-o	N5	1
i-wa-ko	N1	1
i-wa-si-jo-ta	N1	1
i-wa-so	N1	3
i-we-ro	N1,N6	1
i-za-re	N1	1
ja	N1,N3,N6	6
ja-mi-nu	N1,N6	1
ja-ra-to	N3	1
ja-ti-ri	N3	1
je	N6	1
je-zo	N3	2
jo	N1,N3	7
ka	N3	1
ka-da-i-so	N3	1
ka-da-no	N3	2
ka-da-ro	N2	1
ka-di-ja	N6	1
ka-jo	N3	1
ka-ka-po	N1	1
ka-ke	N1,N6	1
ka-ke-u	N1	1
ka-ke-u-si	N2	1
ka-ko	N1	8
ka-ma	N4,N7	2
ka-ma-e-u	N4	2
ka-ma-e-we	N1	1
ka-ma-jo	N1	1
ka-ma-to	N3	1
ka-mi-ni-to	N3	2
ka-mo	N3	2
ka-mo-ni-jo	N3	1
ka-na-pe-we	N1	1
ka-ne-u-ta	N3	1
ka-ni-to	N3	2
ka-no	N6	1
ka-nu-se-u	N1b	1
ka-nu-ta-jo	N1b	1
ka-pa-ra2	N1	1
ka-pa-ra2-de	N1	2
ka-pa-ri-jo	N6	1
ka-pte	N3	1
ka-ra-do-ro	N1,N1b	2
ka-ra-do-wa-ta	N4	1
ka-ra-i	N4	1
ka-ra-na-ta	N5,N6	1
ka-ra-pa-so	N1	1
ka-ra-su-no	N2	1
ka-ra-u-ko	N5	1
ka-ra-u-ro	N1	2
ka-ra-we	N1,N6	2
ka-ra-wi-ko	N1	1
ka-ra-wi-po-ro	N4	1
ka-ra-wi-so	N1	1
ka-ri-se-u	N1,N5	2
ka-ri-se-u-qe	N1	1
ka-ri-si-jo	N5	1
ka-ro-qo	N1	1
ka-ru-no	N3	2
ka-ru-ti-je-ja-o-qe	N1b	1
ka-sa-ro	N3	1
ka-sa-to	N1	1
ka-si-da	N1b	1
ka-si-ko-no	N1	1
ka-so	N2	1
ka-ta	N1,N1b	1
ka-ta-wa	N1,N2	2
ka-ta-wo	N3	1
ka-te-u	N3	1
ka-to	N3	2
ka-wa-ro	N3	1
ka-wa-ti-ro	N1	1
ka-wi-jo	N1	1
ke-da-si	N1	1
ke-e	N1	1
ke-ka-to	N5,N6	1
ke-ke-me-na	N7	1
ke-ke-me-na-o	N4	1
ke-ki	N1,N5	3
ke-ki-de	N1,N1b	3
ke-me-u	N3	1
ke-pu	N1	1
ke-ra-me-ja	N6	1
ke-ra-me-we	N1	1
ke-ra-u-jo	N4	2
ke-re	N1	2
ke-re-no	N1,N2	2
ke-re-te	N1b	1
ke-re-te-u	N4	4
ke-re-u	N1,N4	3
ke-re-u-so	N1	1
ke-re-za	N1b	4
ke-ro	N5	1
ke-ro-si	N1	1
ke-ro-si-ja	N1,N1b	2
ke-ro-te	N1	1
ke-ro-we	N1	1
ke-ro-wo	N2	1
ke-sa-do-ro	N5,N6	1
ke-sa-me-no	N2	1
ke-ta	N1,N4	2
ke-ti-ro	N1,N3,N6	3
ke-to	N1,N3	3
ke-u-po-da-o	N3	1
ke-u-sa	N3	1
ke-we-no	N2,N5	2
ke-we-to	N5	1
ke-we-to-jo	N5	1
ki	N1,N3	34
ki-du-ro	N1	1
ki-je-u	N6	1
ki-jo-qe-u	N1b	1
ki-ke-ro	N1,N6	1
ki-ki-jo	N3	1
ki-ma-ra	N1	1
ki-ma-ra-o	N1b	1
ki-ma-ta	N5,N6	1
ki-mu-ko	N3	1
ki-mu-ku	N3	1
ki-ni-di-ja	N1	2
ki-ni-di-ja-o	N1b	1
ki-nu-wa	N1	1
ki-ri-ja-si	N1	1
ki-ri-jo-te	N3	8
ki-ri-ne-to	N3	1
ki-ri-se-we	N1	1
ki-ri-te-wi-ja	N4	1
ki-sa	N3	1
ki-sa-nu-mo	N3	1
ki-si-wi-ja	N1	1
ki-so	N3	1
ki-ta-ne-to	N3	1
ki-ti-me-na	N7	5
ki-ti-ta	N1	1
ki-to	N1,N3	2
ki-u-ro	N1,N3	2
ki-u-ro-i	N1	1
ki-zo	N5	1
ko-a-ta	N1	1
ko-a2-ta	N5	1
ko-do	N2,N4,N7	4
ko-ko	N6	1
ko-ku	N3	1
ko-ku-ro	N1	1
ko-ma-do-ro	N5	1
ko-ma-we	N1	1
ko-ma-we-ta	N1	1
ko-ma-we-te	N2,N3	3
ko-ma-we-to	N1,N3,N6	5
ko-me-no	N1,N6	2
ko-ne-wa-ta	N5	1
ko-ni-da-jo	N1	1
ko-ni-jo	N5	1
ko-no-si-ja	N3,N6	2
ko-pe-re-u	N4	1
ko-re-te	N1	2
ko-ri-jo	N3	1
ko-ro	N2,N3	2
ko-ro-ki-ja	N1	2
ko-ro-ki-ja-o	N1b	1
ko-ro-ku-ra-i-jo	N1	2
ko-ro-sa-no	N5,N6	1
ko-ro-su-ka	N1	1
ko-ro-tu-no	N1	1
ko-ru-no	N2	1
ko-ru-to	N3	1
ko-sa-ma-ne	N1	1
ko-so	N6	1
ko-so-jo	N1,N6	1
ko-so-ne	N2	1
ko-so-u-to	N5	1
ko-ta-o	N3	1
ko-ta-wo	N1	1
ko-te-u	N3	1
ko-ti	N3	2
ko-to-na	N7	18
ko-to-na-no-no	N7	1
ko-to-ne-we	N1	1
ko-to-no	N7	1
ko-to-no-o-ko	N7	1
ko-tu-ro2	N1	1
ko-tu-we	N1b	1
ko-u-re-ja	N1,N6	1
ko-wa	N5,N6	12
ko-we-jo	N3	2
ko-wi-ro-wo-ko	N1	1
ko-wo	N1,N1b,N5,N6	52
ko-za-ro	N1	1
ku-da-ma-ro	N4	1
ku-do	N3	1
ku-i-so	N3	1
ku-ja-ro	N3	1
ku-jo	N3	1
ku-ka-no	N3	1
ku-ka-ro	N3	1
ku-ka-so	N1,N6	1
ku-ke-re-u	N5	1
ku-ke-so	N3	1
ku-ke-to	N3	1
ku-mi-so	N3	1
ku-mo-no	N3	1
ku-mo-no-so	N3	1
ku-ne-u	N3	1
ku-ni-ta	N1	1
ku-pa-nu-we-to	N5,N6	1
ku-pa-ri-si-jo	N1,N1b	1
ku-pe-re-te	N1	1
ku-pi-ri-jo	N2	1
ku-ra-no	N5,N6	1
ku-re-we	N1	3
ku-ri-sa-to	N1	2
ku-ro2	N1,N2	2
ku-ro2-jo	N1b	1
ku-ru-me-ni-jo	N3	1
ku-ru-so-jo	N1	1
ku-ru-so-wo-ko	N1	1
ku-sa-me-ni-jo	N1b	1
ku-so	N4	1
ku-su-pa-ta	N3	1
ku-su-to-ro-qa	N1	1
ku-ta-si-jo	N3	2
ku-ta-to	N3	20
ku-te-ra-o	N1b	1
ku-te-ra3	N1	1
ku-to	N1	1
ku-tu-qa-no	N3,N6	2
ma	N1,N3,N6	4
ma-di	N1,N3,N6	2
ma-di-qo	N1,N3	2
ma-ja-ro	N1	1
ma-jo	N6	1
ma-ka-ta	N5	1
ma-ka-wo	N5	1
ma-ma-ro	N1	1
ma-na-si-we-ko	N1	1
ma-no-u-ro	N5	3
ma-ra	N1,N5,N6	2
ma-ra-ne-nu-we	N1	1
ma-ra-pi-jo	N3	1
ma-ra-ta	N1	1
ma-ri-ta	N5	1
ma-ri-ti-wi-jo	N2,N3	2
ma-ro	N3	1
ma-ta-i	N1b	1
ma-ta-ko	N5	1
ma-ta-u-ro	N3	1
ma-ti-jo	N1,N3	1
ma-ti-ko	N5,N6	1
ma-to-ro-pu-ro	N1	1
ma-u-ti-jo	N1,N2	2
ma-wa-si-jo	N1	1
me-de	N1	1
me-de-i-jo	N1	1
me-ki-ti	N3	1
me-ki-to-ki-ri-ta	N1	1
me-ne-u	N1	1
me-ni-jo	N1	1
me-no	N1,N5	2
me-ra-to	N5	1
me-re-ja	N6	1
me-re-ti-ra2	N1	1
me-re-ti-ri-ja	N1	2
me-ri-da-ma-te	N1	1
me-ri-du-ma-te	N1	4
me-ri-to	N1b,N6	1
me-ri-wa-ta	N3	1
me-ta-ki-ti-ta	N1	1
me-ta-pa	N1,N1b	7
me-ta-ra-wo	N1b	1
me-ta-ri-ko-wo	N6	1
me-te-to-de	N1	1
me-te-we	N2	1
me-to-qe-u	N1	1
me-tu-ra	N1b	1
me-wi-jo-e	N5	1
me-zo-e	N5	1
mi	N1	1
mi-ja-ra-ro	N1	1
mi-jo-qa	N1b	1
mi-ka-ri-jo-jo	N5	1
mi-ka-ta	N1,N5,N6	2
mi-ka-to	N6	1
mi-ko-no	N1	1
mi-ni-to	N3	1
mi-ra-ti-ja	N1	3
mi-ra-ti-ja-o	N1b	1
mi-ra-ti-ra	N1	1
mi-ru-ro	N1,N3	2
mi-ta-qo	N3	1
mi-ti	N3	1
mi-to-no	N1b	1
mo	N3	2
mo-da	N1	1
mo-i-da	N1	2
mo-ni-ko	N3	1
mo-qo-so	N3	1
mo-re	N3	1
mo-re-u	N1,N5	2
mo-ro-qo-ro	N2,N7	2
mo-ro-qo-ro-jo	N2	1
mu-da	N3	1
mu-ko	N1b	1
mu-ta-pi	N1,N1b	2
na	N6	1
na-e-si-jo	N1	2
na-ka	N4	1
na-me	N2	1
na-pu-ti-jo	N3,N5	2
na-ro	N3	1
na-ru	N3	1
na-si-jo	N1	1
na-so	N1	1
na-su-to	N1	2
na-wa-to	N5	1
na-wi-ro	N3	1
ne	N3	3
ne-de-we-e	N1	1
ne-do-wo-ta-de	N1	1
ne-ki-ri-de	N1	1
ne-me-ta-wo	N1	1
ne-o	N6	1
ne-o-ta	N1,N6	1
ne-o-to	N1,N6	1
ne-qe-u	N1	1
ne-ri-to	N2	1
ne-ti-ja-no	N1	1
ne-ti-ja-no-re	N2	1
ne-u	N1,N3,N6	3
ne-we-wi-ja	N1	1
ne-we-wi-ja-o	N1b	1
ne-wo	N1,N5	2
ne-wo-pe-o	N1,N1b	3
ni-ja-so	N3	1
ni-jo	N1,N6	1
ni-mo	N3	1
ni-ta	N1b,N6	1
ni-to	N3	2
no	N1,N3,N5,N6	7
no-da-ro	N1,N3	2
no-e-u	N5	1
no-qe	N1	1
no-ri-wo-ko	N1	1
no-ri-wo-ko-jo	N1b	1
no-sa-ro	N3	1
no-si-ro	N1,N6	1
no-ta-na	N3	1
nu-ka	N3	1
nwa	N3	1
nwa-re	N6	1
o	N1,N1b,N3	73
o-ka	N4	1
o-ka-ra3	N1,N1b	4
o-ke-te-u	N1	1
o-ke-u	N4	1
o-ki-ro	N3	1
o-ko-te	N6	2
o-ku	N3,N5,N6	3
o-ku-ka	N2	1
o-ku-no	N3	1
o-na-jo	N3,N5	2
o-na-se-u	N1,N1b,N5	4
o-na-to	N4,N7	14
o-ne-u	N3	1
o-nu-ke-ja	N1	1
o-pe-ra-no	N5	2
o-pe-re-ta	N1	1
o-pe-ro	N1	7
o-pe-ro-te	N1b	1
o-pe-ta	N1	1
o-pi	N6	1
o-pi-ja-ro	N1	1
o-pi-ko-wo	N1	1
o-pi-ra-i-ja	N1	1
o-pi-ro-qo	N1	2
o-pi-si-jo	N1,N5,N6	3
o-pi-su-ko	N1	1
o-pi-te-u-ke-e-we	N1	1
o-pi-te-u-ke-we	N1	1
o-pi-ti-ni-ja-ta	N4	2
o-po-ro-me-no	N4	1
o-po-ro-u-si-jo	N1	1
o-qa	N1	1
o-qe	N1b	1
o-qe-qa	N2	1
o-re-i	N1	1
o-re-te-wo	N3	1
o-ri-ko	N1	1
o-ri-mo	N1,N6	1
o-ru-ma-si-ja-jo	N1	1
o-ru-ma-to	N1b	1
o-ru-we-ro	N5	1
o-sa-po-to	N1	1
o-ti-ra2	N1	1
o-ti-ra2-o	N1b	1
o-ti-ri-ja	N1	1
o-to	N7	1
o-to-ro-qa	N3	1
o-to-wo-o	N1b	1
o-tu	N1b	1
o-tu-wo-we	N5	2
o-wa-ko	N2,N5	2
o-we-to	N3	1
o-wi-da	N5	1
o-wi-ro	N3	1
o-wi-ti-ni-jo	N1b	1
o-wi-to-no	N1	1
o-wo-ta	N5	1
o-wo-to	N1,N2	2
o-wo-ze	N7	1
pa	N3	14
pa-da-je-u	N4	1
pa-da-je-we	N2,N7	1
pa-i-ti-ja	N6	1
pa-i-to	N3	8
pa-ja-ni	N1	1
pa-ja-ro	N1,N6	1
pa-ja-so	N3	1
pa-ke-te-ja	N1,N1b	3
pa-ki-ja-na	N4	2
pa-ki-ja-pi	N1b	1
pa-ki-ja-si	N1	1
pa-ko	N1b	1
pa-ku-ro2	N1	1
pa-na	N3	1
pa-na-re-jo	N1,N5,N6	2
pa-no	N1	1
pa-pa-jo	N5	1
pa-pa-ra-ko	N1	1
pa-pa-ro	N6	1
pa-pu-so	N1	1
pa-qo-si-jo	N5	2
pa-qo-si-jo-jo	N5	1
pa-qo-ta	N5	2
pa-ra-jo	N1	1
pa-ra-ko	N2,N4,N7	4
pa-ra-ne	N5,N6	1
pa-ra-to	N3	1
pa-re	N3	1
pa-sa-ko-me-no	N6	1
pa-ta	N2,N5,N6	2
pa-ta-u-na	N6	1
pa-te	N1	1
pa-ti	N1,N3	2
pa-u-ro	N3	1
pa-wi-no	N1	1
pa-wo-ke	N1	2
pa-za-ti	N3	1
pe	N1,N3	22
pe-ka-wo	N6	1
pe-ki-ti-ra2	N1	1
pe-ki-ti-ra2-o	N1b	1
pe-ko	N1b,N3	4
pe-mo	N7	56
pe-po-ro	N1,N3	2
pe-qe-u	N5	1
pe-qe-we	N2	1
pe-qo-no	N1	1
pe-qo-ta	N7	1
pe-re	N1	1
pe-re-ke-we	N1	2
pe-re-ko	N1	1
pe-re-qo-no	N5	1
pe-re-qo-no-jo	N5	1
pe-re-ta	N5	2
pe-re-wa-ta	N1,N6	2
pe-ri-no	N1	1
pe-ri-qo-ta	N1	1
pe-ri-qo-ta-o	N3	2
pe-ri-qo-te-jo	N3	2
pe-ri-te-u	N1	1
pe-ri-to	N6	1
pe-ri-to-wo	N6	1
pe-ro-qe	N1,N6	1
pe-ta-ro	N5	1
pe-te-ki-ja	N1	1
pe-te-u	N1,N6	1
pe-ti-ni-jo	N1	1
pe-to-no	N1,N1b	2
pe-we-ri-jo	N5	1
pi-ja-se-me	N1,N6	1
pi-ja-si-ro	N1	1
pi-ja-to	N1	1
pi-ke-re-u	N4	1
pi-ke-re-we	N2,N7	1
pi-ki-nu-wo	N3	1
pi-ma-na-ro	N5,N6	1
pi-me-ta	N2	1
pi-ra-me-no	N1	1
pi-ra-qo	N6	1
pi-ri-je-te-re	N1	1
pi-ri-no	N1	1
pi-ro-ka-te	N5	1
pi-ro-ne-ta	N5	1
pi-ro-qa-wo	N6	1
pi-ro-ta-wo	N4	1
pi-ro-te-ko-to	N4	1
pi-ro-we-ko	N5	1
pi-ru-te	N1b	2
pi-sa-wa-ta	N1	1
pi-ta-ke-u	N1	1
pi-wa-to	N1	1
pi-we-re	N1	1
pi-we-ri-ja-ta	N1	1
po	N1	4
po-i-te-u	N3	1
po-i-ti-jo	N3	1
po-ka	N3	1
po-ka-ro	N3	1
po-ke-we	N2	1
po-ki-te	N1	1
po-ko-ro	N2	2
po-ku-ta	N1	5
po-me	N3,N4	2
po-me-ne	N7	1
po-me-no	N7	1
po-qe-wi-ja-i	N1	1
po-ra-i	N1	1
po-ra-pi	N1	1
po-ro	N1,N3	2
po-ro-ko	N3,N5	2
po-ro-ko-re-te	N1	1
po-ro-te-u	N4	1
po-ro-tu-qo-no	N6	1
po-ro-u-jo	N5	2
po-ro-u-te-u	N1,N3	2
po-ro-u-te-we	N2	1
po-ro-u-te-wo	N5	1
po-ru-da-ma-te	N1	1
po-ru-e-ro	N5	1
po-ru-ka-to	N6	1
po-ru-qo-to	N1,N3	2
po-ru-te-we	N5,N6	1
po-ru-to	N1b	1
po-so-pe-re-i	N2	1
po-so-ra-ko	N5	1
po-so-ro	N1,N5	3
po-ti-ja-ke-e	N1,N1b	2
po-ti-jo	N1	1
po-ti-na-jo	N5	1
po-ti-ni-ja	N1b	1
po-ti-ni-ja-we	N3	1
po-ti-ni-ja-we-i-jo	N3	1
po-ti-ni-ja-we-ja	N3	1
po-ti-ni-ja-we-jo	N3	4
po-to	N1,N6	1
po-to-a2-ja-de	N1	1
po-to-re-ma-ta	N1	1
po-to-ri-jo	N5,N6	1
po-to-ro-wa-pi	N1	1
pu-da-so	N3	1
pu-ka-wo	N1	1
pu-ke-se-ro	N1	1
pu-ko	N3	1
pu-ko-ro	N1	1
pu-na-si-jo	N1	1
pu-na-so	N3	2
pu-nu-so	N3	1
pu-ra-ta	N1	1
pu-ra-ta-o	N5	1
pu-ri	N1	1
pu-ro	N1,N1b,N4	17
pu-ro-jo	N1	1
pu-so	N3	4
pu-te	N1	1
pu-te-u	N5	1
pu-ti-ja	N1	1
pu-to-ro	N1,N3	2
pu-wa	N1	1
pu-wa-ne	N5	1
pu-wo	N1	1
pu2-ra-ne-jo	N1	1
pu2-ti-ja	N1	1
qa	N3	1
qa-da-so	N3	1
qa-i-po	N3	1
qa-me-si-jo	N1,N6	1
qa-mo	N3	2
qa-na-no-to	N3	3
qa-nu-wa-so	N1	1
qa-ra	N3	6
qa-ra-jo	N5	1
qa-ra-si-jo	N1	1
qa-ra2	N1	1
qa-ra2-ro	N3	1
qa-ra2-te	N1	1
qa-ra2-ti-jo	N3	1
qa-ru-ko	N1	1
qa-sa-ko	N3	1
qa-si-da-ro	N3	2
qa-si-re-u	N5	1
qa-si-re-wi-ja	N1	1
qa-ti-ja	N1,N6	1
qa-to-no-ro	N1,N6	1
qe-da-do-ro	N3	1
qe-ja-me-no	N4	2
qe-re	N1	1
qe-re-me-ne-u	N5	1
qe-re-me-ti-wo	N1	1
qe-ri	N3	1
qe-ri-jo	N1	1
qe-ro	N1b,N3,N6	2
qe-ta-ko	N1	1
qe-ta-ra-je-u	N1	1
qe-ta-wo	N1	1
qe-te-se-u	N1,N6	1
qe-to-ro-no	N5	1
qe-to-ro-po-pi	N1	1
qe-u	N3	1
qi	N6	1
qi-ja-to	N3	1
qi-ja-zo	N3	1
qi-ni-te-we	N1	1
qi-nwa-so	N3	1
qi-qe-ro	N5,N6	1
qi-si-ja-ko	N1	1
qi-si-ta	N3	1
qi-ta-ro	N3	1
qi-zo	N3	1
qo-ja-si	N1	1
qo-si-jo	N3	1
qo-ta	N1,N3	2
qo-te-jo	N3	1
qo-te-ro	N1,N3	3
qo-u-ko-ro	N1,N1b	2
qs	N1	1
ra	N1,N3	5
ra-i-ka	N4	1
ra-ja	N3	6
ra-jo	N5,N6	1
ra-ke-u	N2	1
ra-ko	N3	1
ra-ku-ro	N2,N4,N7	3
ra-ma-jo	N5	2
ra-mi-ni-ja	N1	1
ra-mi-ni-jo	N1	1
ra-ne-to	N3	1
ra-ni	N1	1
ra-ni-jo-ne	N1b	1
ra-o-no	N3	1
ra-pa-do	N4	1
ra-pa-sa-ko	N2	1
ra-pi-ti-ra2	N1	1
ra-pte	N4	3
ra-pte-re	N1	3
ra-qi-ti-ra2	N1	1
ra-qi-ti-ra2-o	N1b	1
ra-ri-jo	N3	1
ra-ro	N3	1
ra-so	N3	1
ra-su-to	N1,N3,N6	12
ra-to	N3	7
ra-to-jo	N3	1
ra-to-po-ro	N1	1
ra-u-ra-ta	N3	1
ra-u-ta	N5	1
ra-wa-ke-ja	N1b	1
ra-wa-ke-si-jo	N2,N4,N7	3
ra-wa-ke-si-jo-jo	N7	1
ra-wa-ra-ta	N1b	1
ra-wi-ja-ja	N1	2
ra-wi-zo	N3	1
ra-wo	N3,N5,N6	2
ra-wo-do-ko	N4	1
ra-wo-ke-ta	N1	1
ra-wo-po-qo	N6	1
ra-wo-qo-no	N1	1
ra-wo-qo-no-jo	N3	2
ra-wo-qo-ta	N1	1
ra-wo-ti-jo	N1,N5,N6	2
re-a-mo	N1	1
re-ja	N1	1
re-ka-se-ra-wo	N6	1
re-ka-ta-ne	N1b	1
re-me-to	N3	1
re-pi-ri-jo	N4	1
re-po-so	N6	1
re-qo-we	N1	1
re-ro	N1	1
re-si-wo	N1	1
re-ta	N1	1
re-u	N5	1
re-u-ka-so	N2	1
re-u-ka-ta	N1,N5	3
re-u-ko-ro-o-pu2-ru	N1	1
re-u-ko-to-ro	N1	1
re-u-si-wo	N5	2
re-u-si-wo-qe	N1	1
re-wa-jo	N2	1
re-wo-to-ro-ko-wo	N1,N1b	2
reliqua	N6	1
ri-di-ne-to	N3	1
ri-ja-ko	N1,N5	2
ri-ja-ta	N3	1
ri-jo	N1,N3	4
ri-jo-no	N3,N6	6
ri-ma-zo	N3	1
ri-na-ko-ro	N1	1
ri-ne-ja	N1	2
ri-ne-ja-o	N1,N1b	4
ri-ro	N3	1
ri-sa-ta	N3	1
ri-so-wa	N1b	1
ri-to-wo	N6	1
ri-wi-jo	N1	1
ri-wi-so	N3	1
ri-zo	N1,N5,N6	4
ro	N1,N6	2
ro-ko	N2	1
ro-no-de	N1	1
ro-o-wa	N1	1
ro-u-so	N1b	3
ro-wo	N1	1
ru	N3	2
ru-da-to	N3	1
ru-ki-jo	N5	1
ru-ki-ti-jo	N1	1
ru-ki-to	N3	5
ru-ko-ro	N4	2
ru-ko-wo-ro	N4	1
ru-ma-no	N3	1
ru-na	N1,N2	2
ru-na-mo	N3	2
ru-na-so	N3	2
ru-ra-ta-e	N1	1
ru-ta2	N3	1
ru-ta2-no	N1	1
ru-wa	N6	1
ru-we-ta	N2	1
ru-wo	N3	1
ru-wo-i-ko	N3	1
sa	N3,N5	3
sa-ke-re-u	N1,N4	2
sa-ke-re-we	N2,N7	2
sa-ma	N3	1
sa-ma-ra-de	N1	1
sa-ma-ri-jo	N3	1
sa-ma-ri-wa-ta	N1,N3,N6	2
sa-mi	N1	1
sa-mu-ta-jo	N1	1
sa-ni-jo	N1b	1
sa-no	N3	1
sa-nu-we-ta	N3	1
sa-nwa-ta	N1	1
sa-pi-ti-nu-wo	N1	1
sa-qa-re-jo	N3	8
sa-ri	N1	1
sa-ri-nu-wo-te	N1b	1
sa-ri-qo-ro	N1,N1b	2
sa-sa-jo	N3	1
sa-sa-wo	N4	1
sa-u-ko	N6	1
sa-u-ri-jo	N1,N6	1
sa-za-ro	N1	1
sa-ze-ro	N3	1
sa-zo	N3,N5,N6	2
se	N1,N3	3
se-do	N3	1
se-me-tu-ro	N3	1
se-no	N2,N4	2
se-to-i-ja	N1,N3,N6	5
se-u	N3	1
se-wo-te	N1	1
si	N5,N6	1
si-da-jo	N3	1
si-ja-du-we	N3	3
si-ja-ma	N5,N6	1
si-ja-pu2-ro	N1	1
si-ki-to	N3	1
si-mi-te-u	N1	2
si-mu-ta	N5	1
si-ne-e-ja	N1,N6	1
si-ni-to	N3	1
si-pa-ta-do	N3	1
si-pa-ta-no	N5	1
si-pe-we	N1	1
si-pu2	N1	1
si-ra-ko	N3	1
si-ra-ta	N1	1
si-re-we	N1	1
si-ri-pi-jo	N3	1
si-ta-ro	N3	2
si-to-ko	N1b	1
si-za	N5	1
so	N3	2
su-ke-re	N6	1
su-ke-re-o	N1b	1
su-ki-ri-ta	N3	2
su-ki-ri-to	N1	1
su-ma-no	N3	1
su-mi	N1	1
su-po	N3	1
su-qo-ta	N2,N7	1
su-qo-ta-o	N7	2
su-ra-se	N1	1
su-ri-mo	N3	4
su-ru-so	N3	1
su-se	N3	1
su-ta-no	N3	1
su-ti-jo	N3	1
ta	N1,N3,N5	6
ta-de-so	N3	2
ta-ja-no	N3	1
ta-jo	N5	1
ta-me-je-u	N1	1
ta-mi-de-so	N3	1
ta-mi-je-u	N1	1
ta-na-po-so	N3	2
ta-na-to	N3	1
ta-na-wo	N5	1
ta-ni-ko-qe	N1	1
ta-nu-ko	N1	1
ta-o	N3	2
ta-pe-ro	N3	1
ta-ra-ma-o	N1b	1
ta-ra-ma-ta	N4	3
ta-ra-sa-ta	N5,N6	1
ta-ra-to	N1	1
ta-ra-to-no	N3	1
ta-ra2	N1	1
ta-re-u	N1	1
ta-re-wo	N3	1
ta-so	N3,N6	2
ta-ta-ro	N1,N2,N4,N6,N7	4
ta-ta-ta	N1	1
ta-to-qe	N1	1
ta-u-na-so	N3	2
ta-we-si-jo	N3	2
ta-we-si-jo-jo	N1b	1
ta-za	N3	1
ta-za-ro	N3	1
te	N1,N6	3
te-jo	N3	1
te-ki-ri-ne-to	N3	1
te-ko-to-a-pe	N1	1
te-ko-to-na-pe	N1,N5	1
te-ko-to-ne	N1	1
te-mi	N3	1
te-mi-ro	N3	1
te-mi-ti-jo	N1	1
te-pe	N5	1
te-pe-ja-o	N1b	1
te-pe-u	N1	1
te-qa-ja	N1	1
te-qa-jo	N2	1
te-ra-po-si-jo	N3	3
te-ra-u-re-o	N1	1
te-ra-wo	N1,N1b	2
te-re-ja-de	N1	1
te-re-ja-wo	N5,N6	1
te-re-ne-wi-ja	N1	1
te-re-ta	N1,N1b,N4	5
te-re-te-we	N1	1
te-ru-sa	N3	1
te-so	N6	1
te-ta	N6	1
te-ta-ra-ne	N1	2
te-te-re-u	N5	1
te-to	N3	1
te-u	N1	1
te-u-ke-i-jo	N1	1
te-u-ta-ra-ko-ro	N1	1
te-u-to	N1	2
te-wa-jo	N1,N3	2
te-wa-ko-no	N1	1
ti	N3	1
ti-ja	N3	1
ti-jo	N3	2
ti-ko-ro	N3	1
ti-ma	N5,N6	1
ti-me-no	N4	1
ti-mi-za	N3	2
ti-no	N1	1
ti-nwa-si-ja	N1	2
ti-nwa-si-jo	N7	1
ti-qa-jo	N1,N5,N6	2
ti-ri-da-ro	N4	2
ti-ri-jo	N1	1
ti-ri-jo-ko-so	N3	1
ti-ri-po-di-ko	N2	1
ti-ri-to	N3	6
ti-ro	N3	1
ti-tu	N2	1
ti-za	N3	1
to	N3,N6	8
to-i-ja	N3	1
to-ke-u	N1	1
to-ko	N5,N6	1
to-ko-do-mo	N1b	1
to-ko-so-wo-ko	N1	1
to-na-ta	N1	1
to-pe-si	N1	1
to-ri-jo	N1	1
to-ro-wi	N1	1
to-ro-wi-ka	N1b	1
to-ro-wo	N1,N1b,N2	3
to-sa	N1,N3,N6	3
to-sa-no-jo	N1	1
to-so	N1,N1b,N6,N7	11
to-so-de	N1b	7
to-tu-no	N3	1
to-u-na-ta	N3	2
to-wa-no	N1	1
to-wi-no	N3	1
tu	N5,N6	3
tu-da-ra	N3	1
tu-ka-na	N6	1
tu-ka-to	N6	1
tu-ke-ne-u	N1	1
tu-ma-da-ro	N3	1
tu-ma-i-ta	N6	1
tu-ni-ja	N1b,N3,N6	11
tu-ni-jo	N1	1
tu-qa-ni-ja-so	N3	1
tu-ra-te-we	N1	1
tu-ri-jo	N1	1
tu-ri-so	N3	3
tu-ri-ta	N2	1
tu-ru-we-u	N1	1
tu-ti	N3	1
tu-ti-je-u	N1	1
tu-zo	N1,N6	2
u	N1,N3	3
u-de-wi-ne	N1	1
u-ka	N3	1
u-pa-ra	N1	1
u-pa-ra-ki-ri-ja	N1b	1
u-pi-ja-ki-ri-jo	N1b	1
u-ra-jo	N1,N3	4
u-ra-mo-no	N1,N3,N6	2
u-ro2	N3	1
u-ru-pi-ja-jo	N1	2
u-ru-pi-ja-jo-jo	N1	1
u-ta-jo	N3	19
u-ta-jo-jo	N3	14
u-ta-ni-jo	N1	1
u-ta-no	N3	9
u-wa-si-jo	N2	1
u-wa-ta	N1,N3	2
u-wo-qe-we	N1	1
vacat	N3,N6	6
vestigia	N5	1
wa	N1,N1b,N3,N6	4
wa-a2-ta	N1b	1
wa-a2-te-we	N1b	1
wa-do-me-no	N2	1
wa-du-ka-sa-ro	N3	1
wa-du-na-ro	N3	2
wa-du-ri-jo	N5	1
wa-je	N1,N6	1
wa-ka-ta	N5	1
wa-ke-i-jo	N5,N6	2
wa-na-ka	N6	1
wa-na-ka-te-ro	N4	4
wa-na-ta-jo	N2,N4,N5,N7	3
wa-ne-u	N1	1
wa-pa-no	N1	1
wa-ra-ki-no	N1	1
wa-ra-ko-no	N5	1
wa-ra-pi-si-ro	N1b	1
wa-ra-ti	N1	1
wa-ru-wo-qo	N1,N6	1
wa-ti-ko-ro	N5	1
wa-ti-ro	N5	1
wa-tu-ta	N5	1
wa-u-do-no	N1	1
wa-wo-u-de	N1b	1
we	N1	1
we-da-ne-wo	N1	1
we-e	N3	1
we-ka-ta	N1	1
we-ke-i-ja	N1	1
we-ra-te-ja	N1	1
we-re-ka-ra-ta	N1	1
we-ro-pa-ta	N1	1
we-ro-ta	N1	1
we-u-da-ne-we	N2	1
we-wa-do-ro	N3	1
we-wa-ta	N6	1
we-we-si-je-ja	N1	2
we-we-si-je-ja-o	N1b	1
we-we-si-jo	N1,N3,N5	19
we-we-si-jo-jo	N3	13
wi-da-ka-so	N3	1
wi-da-ma-ro	N3	1
wi-do-wo-i-jo	N1b	1
wi-du-ro	N1	1
wi-du-wa-ko	N1	1
wi-du-wo-i-jo	N1	1
wi-ja-ma-ro	N1,N3	2
wi-ja-na-tu	N1,N6	1
wi-ja-ni-jo	N1	1
wi-ja-te-wo	N5	1
wi-je-mo	N3	1
wi-je-so	N3	1
wi-jo	N5,N6	1
wi-jo-ka-de	N3	1
wi-jo-qo-ta	N3	1
wi-jo-qo-ta-o	N3	1
wi-jo-ro-jo	N5	1
wi-na-jo	N3	5
wi-nu-ri-jo	N1	1
wi-ra-ne	N3	1
wi-ra-ne-to	N1,N6	1
wi-ri-ne-u	N1	1
wi-ri-wo	N1	1
wi-ro	N1,N6	1
wi-ro-jo	N3	1
wi-sa-to	N2	1
wi-su-ro	N3	1
wi-ti-mi-jo	N5	1
wi-tu-ta	N1	1
wo	N3	1
wo-di-je-ja	N1,N6	1
wo-di-jo	N1	1
wo-i-ko-de	N6	1
wo-jo	N3	1
wo-ki-to	N2	1
wo-no	N3	1
wo-qo	N1	1
wo-ra-ke-re	N6	1
wo-ro-ti-ja-o	N4	1
wo-ro-to-qo	N6	1
wo-si-jo-ne	N1	1
wo-ti-jo	N1,N3,N5	3
wo-tu-wa-ne	N1b	1
wo-wa-ro	N1	1
wo-wi-ja-ta	N5	1
wo-wo	N1b,N3	4
wo-ze	N7	1
za	N3	2
za-e-to-ro	N1,N1b	2
za-ki-ri-jo	N6	1
za-mi-jo	N1,N1b,N6	2
za-ra-ro	N3	2
ze-pu2-ra3	N1	1
ze-ro	N3	1
zo-do-so	N6	1
zo-wa	N2	1
zo-wi-jo	N2	1
