word	slots	n_tablets
we-we-si-jo	N1,N3,N5	20
u-ta-jo-jo	N1,N3	17
u-ta-jo	N1,N3,N5	19
we-we-si-jo-jo	N1,N3	13
da-mi-ni-jo	N1,N3	11
a3-mi-re-we	N1,N3	9
sa-qa-re-jo	N1,N3	8
a-te-jo	N1,N3	8
e-ka-ra-e-we	N1,N3	13
a-ka	N1,N1b,N3	9
po-ti-ni-ja-we-jo	N1,N3	5
ki-ri-jo-te	N3	9
we-da-ne-wo	N1,N1b	7
a-ke-o-jo	N1,N1b	8
po-ku-ta	N1,N1b	7
e-se-re-e-jo	N1,N3	4
ko-ma-we-to	N1,N3	6
ri-ne-ja-o	N1,N1b	6
wo-wo	N1b,N3	6
ni-jo	N1,N3,N6	4
ri-zo	N1,N5,N6	5
qa-na-no-to	N1,N3	4
ta-o	N1,N3	5
ka-ta	N1,N1b,N3	3
pe-ko	N1,N3	3
wi-na-jo	N3	5
te-re-ta	N1,N1b,N6	4
qe-ta-ko	N1,N1b	5
te-ra-po-si-jo	N1,N3	3
ko-ma-we-te	N1,N2,N3	3
ru-ki-ti-jo	N1,N7	4
ra-jo	N1b,N3,N5,N6	2
o-ka-ra3	N1,N1b	4
ku-re-we	N1,N6	4
sa-ke-re-we	N2,N7	2
i-ma-di-jo	N1,N2,N7	3
pa-ta	N1b,N2,N5,N6	2
me-ri-du-ma-te	N1	4
ri-jo	N1,N3,N7	4
u-ra-jo	N1,N3	4
a-no-qo-ta	N1,N3,N6	4
ke-re-za	N1b	4
ke-ki-de	N1,N1b	3
a-ko-so-ta-o	N1	4
a-ke-ra-wo	N1b,N2,N5,N6	2
ko-no-si-jo	N1,N5,N6	4
a-ka-ma-wo	N1,N2,N5	3
o-ku	N3,N5,N6	3
ne-wo-pe-o	N1,N1b	4
ma-ro	N1,N3,N5,N6	3
ma-ra	N1,N1b,N5,N6	3
i-to	N1	4
po-so-ro	N1,N5	4
ku-pi-ri-jo	N1,N1b,N2	3
po-ko-ro	N1,N2	2
qe-ro	N1b,N3,N5,N6	3
wa-na-ta-jo	N2,N5,N7	3
a-pi-qo-ta	N1b,N2,N5	4
e-u-ko-ro	N3,N5,N6	3
qa-ra-jo	N5,N6,N7	3
a-tu-ko	N3,N5	4
a-ta-o	N1,N1b,N2,N5	2
qo-te-jo	N1,N3	2
a-ka-i-jo	N3,N5,N6	3
o-na-se-u	N1,N1b,N5	4
a-ma	N7	3
i-wa-so	N1	3
a-ka-ta-jo	N2,N3	3
e-ti-ra-wo	N1,N1b,N2	2
se-no	N1,N1b,N2	2
ra-wo	N3,N5,N6	2
to-ro-wo	N1,N1b,N2	3
ma-u-ti-jo	N1,N1b,N2	2
a-ko-ra-ja	N1	3
pa-ke-te-ja	N1,N1b	3
pu-ri	N1,N3,N5	3
a-ra-ko	N1,N3,N6	2
ta-ta-ro	N1,N2,N7	2
o-na-jo	N3,N5,N7	3
a-ko-mo-ni-jo	N3	3
ne-u	N1,N3,N6	3
u-ko-ro	N1,N1b,N6	2
ma-ri-ti-wi-jo	N1b,N2,N3	2
a-wo-i-jo	N1,N2,N3	2
ja-we-jo	N1,N3	2
ka-so	N1,N1b,N2	2
ke-re-no	N1,N1b,N2	2
e-zo-wo	N1,N2	2
ma-ti-ko	N5,N6	2
o-pa	N1,N7	3
ka-ra-u-ko	N1,N5	3
a3-so-ni-jo	N1	3
ra-ma-jo	N1,N5	3
ma-no-u-ro	N5	3
ke-ki	N1,N5	3
a-nu-mo	N3,N5,N6	2
me-no	N1,N5,N6	2
di-ro	N1,N3	2
e-u-po-ro-wo	N1,N5	3
me-tu-ra	N1b	3
su-ra-se	N1	3
mi-ka-ta	N1,N5,N6	2
da-ko-ro	N1	3
ra-wa-ke-si-jo	N2,N7	3
ra-mi-ni-jo	N1,N1b	3
pa-ra-ko	N2,N7	2
wo-di-jo	N1,N5,N6	2
ti-jo	N3,N5,N7	3
po-ru-qo-ta	N1,N1b,N2	2
o-ku-ka	N1,N1b,N2	2
ko-ru-no	N1,N1b,N2	2
o-wa-ko	N1,N2,N5	2
qo-te-ro	N1,N3	3
pa-qo-si-jo	N5,N6	3
na-su-to	N1	3
te-u	N1,N3	3
qa-ra-i-so	N3,N5,N6	2
ra-wo-ti-jo	N1,N5,N6	2
ko-we-jo	N1,N3	2
a-e-ri-qo	N1,N2,N5	3
du-ni-jo	N1,N1b,N2	3
a-we-ke-se-u	N1,N5	3
a-si-wi-jo	N1,N3	3
ku-ka-so	N1,N5,N6	2
di-ka-ta-ro	N1,N3,N6	2
ke-we-no	N1,N2,N5	2
a-ke-ti-ri-ja	N1	3
i-jo-te	N1,N6	2
no-si-ro	N1,N2,N6	2
a-ta-no	N1,N5,N6	2
ka-ra-do-ro	N1,N1b	3
a-ko-to-wo	N1,N2	3
i-jo	N1,N7	3
e-re-ta	N1,N6	2
ra-wo-qo-no-jo	N1,N3	2
du-pu2-ra-zo	N3,N5,N6	2
wa-je	N1,N5,N6	2
mi-ra-ti-ja	N1	3
ke-ro-si-ja	N1,N1b	2
ka-to-ro	N1	3
ko-do	N2,N7	2
wa-ke-i-jo	N5,N6	2
ko-we	N1,N3	2
wo-ti-jo	N1,N3,N5	3
re-u-ka-ta	N1,N5	3
a-da-ma-o	N2,N5,N7	2
mo-ro-qo-ro	N2,N7	2
we-ro	N1,N6	2
o-pi-si-jo	N1,N5	3
na-ro	N1,N3,N7	3
ke-sa-do-ro	N1,N5,N6	2
ro-ko	N1b,N2,N5	2
ka-ta-wa	N1,N1b,N2	2
a-ka-to	N3,N6	2
e-ra-ja	N1,N1b	2
te-ko-to-na-pe	N1,N5	1
qo-u-ko-ro	N1,N1b	2
ti-no	N1,N1b	2
pi-ru-te	N1b	2
ka-da-no	N3	2
ne-ti-ja-no	N1,N1b	2
si-mi-te-u	N1	2
na-e-si-jo	N1	2
ma-ro-pi	N1b	2
a-ko-ra	N1,N5	2
o-pe-re-ta	N1,N1b	2
ma-ma-ro	N1,N1b	2
e-re-e-we	N1,N1b	2
to-u-na-ta	N3	2
pe-re-ke-we	N1	2
i-se-we-ri-jo	N1,N3	2
ta-jo-jo	N3	2
tu-ra-te-we	N1,N6	1
e-do-mo-ne-u	N1	2
mo-re-u	N1,N5	2
wo-ro-to	N3	2
pe-re-qo-no-jo	N5,N7	2
ri-jo-te	N3	2
a-ra-ka-te-ja	N1	2
e-ru-to-ro	N3,N5	2
ti-ko-ro	N1,N3	2
a-pi-da-ta	N5,N6	1
ri-ne-ja	N1	2
a-te-i-ja-ta	N3	2
me-ri-da-ma-te	N1	2
a-to-po-qo	N1	2
a-ko-so-ta	N1	2
ka-ni-to	N3	2
si-ra-pe-te-so	N5,N6	1
po-da-ko-qe	N1	2
po-me-ne	N1,N7	2
ke-ro	N1,N5	2
si-jo	N1,N3	1
to-ma-ko-qe	N1	2
po-ro	N1,N3	2
o-no	N1,N1b	2
a3-ta-ro-we	N1,N3	2
we-to-ro	N5,N6	1
ma-jo	N3,N6	2
ki-zo	N5,N6	1
pe-ri-te-u	N1	2
ri-mi-jo	N7	2
a-ke-ra-no	N5,N6	1
e-ke-ro-qo-no	N1	2
ru-na	N1,N2	2
a-ne-u-da	N5,N6	1
pe-ri-qo-ta-o	N3	2
ke-ku-ro	N2,N6	2
ra-wi-ja-ja	N1	2
a-mi-ni-si-jo	N1,N6	2
ka-mi-ni-to	N3	2
ke-ti-ro	N1,N6	2
pa-i-ti-ja	N1,N3	1
u-ru-pi-ja-jo	N1	2
a-ke-ti-ra2	N1	2
ro-ru	N1,N3	2
i-ta-no	N1,N6	1
me-na	N7	2
a-i-qe-we	N2,N7	1
a-ku-di-ri-jo	N3,N6	2
ta-so	N1b,N3	2
ru-we-ta	N1b,N2	1
ti-ri-po-di-ko	N1,N2	1
pa-ti	N1,N3	2
da-zo	N1,N6	1
no-re	N1,N5	2
wi-je-mo	N1,N3	2
no-da-ro	N1,N3	2
o-wi-to-no	N1	2
to-ni	N3,N5	2
ku-ri-sa-to	N1,N1b	2
ko-ro-sa-no	N5,N6	1
ka-ra-we	N1	2
ki-ne-u	N1,N6	1
sa-ma-ri-wa-ta	N1,N3	2
ri-ja-ko	N1,N5	2
a-pe-te-u	N1,N5	2
re-u-si-wo	N5	2
ri-ku-we	N5	2
po-ti-na-jo	N5	2
di-wo	N1b,N3	2
sa-ri-qo-ro	N1,N1b	2
pe-ri	N3	2
wa-du-na-ro	N3	2
ru-wo	N1,N3	2
i-mo-ro-ne-u	N5,N6	1
ku-pa-ri-si-jo	N1,N1b	1
re-ta	N1,N6	1
ta-za	N3	2
ta-za-ro	N3,N5	2
u-ra-mo-no	N1,N3	2
wo-ka-re	N5,N6	1
te-u-to	N1	2
a-ti-jo	N1,N3	2
we-we-si-je-ja	N1	2
ti-ni-ja-we-jo	N1,N3	1
pu-ka-wo	N1	2
a-da-ra-te-ja	N1	2
u-ka	N1,N3	1
me-re-ti-ri-ja	N1	2
du-ni	N3	2
a-ma-ru-ta	N2,N7	1
ra-po-si-jo	N1,N3	1
ki-ti-ta	N1	2
te-ta-ra-ne	N1	2
a-po-ne-we	N1	2
za-e-to-ro	N1,N1b	2
a-no-ke-we	N1b,N3	2
no-qe	N1	2
a-ze-ti-ri-ja	N1,N7	2
di-wi-ja-wo	N5,N6	1
i-wa-ka	N1,N5	2
a-ke-u	N3,N5	2
na-pu-ti-jo	N3,N5	2
ne-ri-to	N1,N2	1
po-ro-u-te-we	N1,N2	1
to-ro-wi	N1	2
a-no-po	N1,N2	1
ke-ro-wo	N1,N2	1
ra-pa-sa-ko	N1,N2	1
po-ke-we	N1,N2	1
a-we-ke-se-we	N1,N2	1
a-ta-ma-ne-we	N1,N2	1
ko-ro	N1,N2	1
me-te-we	N1,N2	1
ke-sa-me-no	N1,N2	1
pu-wi-no	N1,N2	1
ta-re-wo	N1,N3	1
ti-ma	N5,N6	1
e-ke-ne	N1,N1b	2
ki-ni-di-ja	N1	2
qe-re	N1,N6	2
o-ko-te	N6	2
po-ti-ni-ja	N1,N1b	2
ka-ra-na-ta	N5,N6	1
e-u-ka-ro	N1	2
te-ra-wo	N1,N1b	2
mo-i-da	N1	2
a2-ta	N1	2
ra-ni	N1,N6	1
te-we	N5,N6	1
pa-ra-ne	N5,N6	1
no-to	N3	2
wi-ra-ne-to	N1,N3	2
ra-to-jo	N1,N3	1
a-pe-o-te	N1	2
e-na-po-ro	N1b	2
pa-wo-ke	N1	2
ma-ra-ni-jo	N1b	2
e-u-da-mo	N1,N6	2
du-ma	N1	2
a-e-ri-qo-ta	N1	2
ka-ra-u-ro	N1	2
ka-wi-jo	N1,N2	2
no-du	N5,N6	1
da-na-jo	N3,N5	2
ne-we-wi-ja	N1	2
ki-nu-wa	N1,N6	1
a-no-qo	N3	2
a-ne-te-wa	N5,N6	1
wi-da-ma-ro	N3,N5	2
a-te	N3	2
ke-to	N1,N6	2
e-ne-ka	N1b	2
ki-to	N1,N3	2
a-pu2-we	N1b	2
te-wa	N5,N6	1
ka-pa-ri-jo	N5,N6	2
pa-i	N3	2
a3-ke-wa-to	N3	2
pa-da-je-we	N2,N7	1
ke-re	N1	2
su-qo-ta-o	N7	2
si-jo-jo	N1,N3	1
ko-so	N3	2
po-to	N1,N3	2
da-nu-wo	N1	2
ra-ri-di-jo	N1,N1b	1
ta-de-so	N3	2
wi-ja-te-we	N1,N1b	2
di-de-ro	N3	2
po-ro-ko-re-te	N1,N5	2
a-re-jo	N5,N6	1
ti-ja	N3	2
to-ko	N5,N6	1
ku-ro2	N1,N2	2
ku-mo-no	N1b,N3	1
o-pi-ro-qo	N1	2
de-a-ta	N3	2
ko-me-no	N1	2
wo-ro-ka-ne	N1b,N6	1
ja-mi-nu	N1,N6	1
a-wa-so	N3	2
a-to-mo	N1,N5	2
ka-ra-su-no	N1,N2	1
u-ta-ni-jo	N1,N7	2
ri-wi-so	N3	2
qa-ru-ko	N1	2
ka-wa-ti-ro	N1,N2	2
pa-ja-so	N3	2
pe-re-wa-ta	N1,N6	2
za-mi-jo	N1,N1b	2
ku-ta-si-jo	N3	2
a-ta-tu-ro	N1,N5	2
ka-ri-se-u	N1,N5	2
ko-u-re-ja	N1,N6	1
a-ke-ti-ra2-o	N1b	2
a-ti-pa-mo	N1	2
ko-ro-ku-ra-i-jo	N1	2
a-pu-do-si	N1	2
ko-re-te	N1	2
u-su	N5,N6	1
a3-ko-ta	N1,N1b	2
ka-ta2-ro	N1b,N6	1
e-u-de-we-ro	N1	2
da-o-ta	N5,N6	1
do-ti	N1b,N3	1
di-zo	N5	2
qa-re-jo	N1,N3	1
a-ko-ra-jo	N1	2
i-ja	N3,N6	2
a-pi-o-to	N1b	2
a-nu-ko	N1,N3	2
we-ka-ta	N1	2
a-pi-re-we	N5,N6	1
mo-ni-ko	N3,N5	2
a3-ti-jo-qe	N2,N7	1
me-ja	N5,N6	1
wo-ro-to-qo	N5,N6	1
ti-qa-jo	N1,N5	2
ru-na-mo	N3	2
a-ro-wo-ta	N5,N6	1
ko-ro-ki-ja	N1	2
sa-zo	N3,N5	2
ne-wa	N1b	2
te-re-ja-wo	N5,N6	1
ke-u-po-da-o	N1,N3	2
ta-u-na-so	N3	2
a-pi-re-jo	N5,N6	1
u-wa-ta	N1,N3	2
ka-pa-ra2-de	N1	2
we-ma-na	N1,N3	1
o-wo-to	N1,N2	2
a-no-ra-ta	N1,N5	2
ma-we-to	N1,N3	1
wa-ta-jo	N2,N7	1
de-ki-si-wo	N1	2
pu-wa	N1	2
o-tu-wo-we	N5	2
po-ro-ko	N3,N5	2
po-ro-u-jo	N5	2
pe-re-ta	N5	2
o-pe-ra-no	N5	2
wo-wi-ja-ta	N5	2
ko-ma-do-ro	N1,N5	2
pa-pa-ro	N1b,N6	2
wo-ro-qe	N1,N1b	2
e-me-si-jo	N1,N3	1
do-ti-jo	N1,N3	1
tu-ru-we-u	N1	2
qa-si-da-ro	N3	2
a-di-je-wo	N3	2
sa-ma	N3,N6	2
ta-na-po-so	N3	2
a-no	N1b,N2	1
ko-ru-ta-ta	N1b,N2	1
ra-ke-u	N1b,N2	1
do-wa	N5,N6	1
ke-pu2-je-u	N5,N6	1
du-ru	N5,N6	1
mi-ru-ro	N1,N5	2
du-to	N1,N3	2
pa-na-re-jo	N1,N5	2
re-jo	N1,N3	1
e-pi-da-o	N5,N6	1
a-pi-qo-ro	N1,N1b	2
pi-ke-re-we	N2,N7	1
po-ti-ni-ja-we	N1,N3	1
ta-ra-sa-ta	N5,N6	1
da-to-ro	N3	2
ko-wi-ro-wo-ko	N1,N6	1
i-we-ro	N1,N6	1
ra-u-ta	N5	2
pi-ro-ka-te	N1,N5	2
we-e	N1,N3	1
e-te-we	N1,N2	1
e-do-mo-ne-we	N1,N2	1
ne-ti-ja-no-re	N1b,N2	1
po-so-pe-re-i	N1b,N2	1
zo-wi-jo	N1b,N2	1
ka-da-ro	N1b,N2	1
tu-ri-ta	N1b,N2	1
e-wi-te-we	N1b,N2	1
ra-ku-ro	N2,N7	1
e-u-na-wo	N3,N5	2
pe-ri-qo-te-jo	N1,N3	1
a-ta-na-po-ti-ni-ja	N5,N6	1
su-qo-ta	N2,N7	1
re-wo-to-ro-ko-wo	N1,N1b	2
po-ka	N1,N3	2
po-ru-te-we	N5,N6	1
ko-so-ne	N1b,N2	1
de-mo-qe	N1b,N2	1
pe-qe-we	N1b,N2	1
o-qe-qa	N1b,N2	1
a3-mi	N3	1
tu-ri-si-jo	N7	1
ra-ti-jo	N7	1
a-da-ra-ro	N3	1
ma-ti-jo	N1	1
qi-ni-te-we	N1	1
je-zo	N3	1
i-na-ni-ja	N1	1
re-si-we-i	N1	1
a-se-e	N1	1
to-ko-do-mo	N1b	1
i-na-ne	N1	1
a2-ra-tu-wa	N1	1
a-pi-te-wa	N1b	1
o-ru-ma-si-ja-jo	N1	1
mi-ra-ti-ja-o	N1b	1
ku-ne-u	N3	1
u-wa-si-jo	N2	1
o-pi-ja-ro	N1	1
ke-re-u-so	N1	1
te-u-ke-i-jo	N1	1
ta-me-je-u	N1	1
ka-na-pe-we	N1	1
a-re-pe-se-u	N1	1
ru-ra-ta-e	N1	1
to-mo	N1	1
qe-re-wa-o	N1b	1
to-ro-wi-ko	N1b	1
ke-ro-wo-jo	N1	1
ra-pa-sa-ko-jo	N1	1
a-pi-me-de-o	N1b	1
ti-ke-wo	N1b	1
o-ka-ri-jo	N1b	1
a-ta-ma-ne-u	N1b	1
po-ro-qa-ta-jo	N1b	1
to-ru-ko-ro	N1b	1
da-ne-wo	N1	1
o-pi-ko-wo	N1	1
o-pi-su-ko	N1	1
ke-ro-te	N1	1
sa-u-ko	N6	1
ni-mo	N3	1
ru-ma-no	N3	1
ta-na-to	N3	1
sa-jo	N1	1
na-me	N2	1
a-pi-je-ta	N3	1
po-ru-da-si-jo	N6	1
a2-ke-te-re	N5	1
ke-re-wa	N6	1
o-ta2-no	N3	1
ki-si-wi-ja	N1	1
ze-pu2-ra3	N1	1
pi-ra-me-no	N1	1
ka-ra-wi-ko	N1	1
pi-we-ri-ja-ta	N1	1
sa-mu-ta-jo	N1	1
wa-u-do-no	N1	1
ka-ra-pa-so	N1	1
pi-ta-ke-u	N1	1
pa-si	N1	1
te-te-re-u	N5	1
pa-pa-jo	N5	1
pi-ro-we-ko	N5	1
a2-nu-me-no	N5	1
ko-so-u-to	N5	1
pa-ke-te-ja-o-qe	N1	1
a-pu-ko-wo-ko	N1	1
da-i-ze-to	N3	1
ke-ti-ri-ja	N1	1
to-sa-me-ja-o	N1b	1
wa-e-ro	N1	1
e-sa-re-we	N1	1
po-ti-ni	N3	1
te-mi	N3	1
tu-ma-da-ro	N3	1
te-wa-jo	N1	1
ko-ru-to	N3	1
te-mi-ti-jo	N1	1
ka-ma	N7	1
o-pi-te-u-ke-e-we	N1	1
te-u-ke-e-we	N1	1
to-wo-ko	N1	1
po-ru-da-ma-te	N1	1
qa-ra2-te	N1	1
pu-ko-ro	N1	1
pi-ri-ja-me-ja	N1	1
e-ni-ja-u-si-jo	N1	1
qo-ta-wo	N1	1
a-ta	N1	1
ka-wa-ro	N3	1
ka-pu-ro	N5	1
ka-na-po-to	N5	1
ru-ro	N5	1
ta-u-ro	N5	1
ja-sa-ro	N5	1
to-ro	N1	1
qe-ri-jo	N1	1
a3-zo-ro-qe	N1b	1
da-ro	N1	1
a-ko-da-mo	N1	1
me-to-re	N3	1
si-mi-do	N1	1
ro-ti-jo	N1	1
da-i-mi-so	N3	1
si-ta-ro	N3	1
ri-ja-ta	N3	1
we-jo	N1	1
ki-ki-jo	N3	1
wo-no-qo-so	N1b	1
jo-ro	N3	1
i-qo	N1	1
pa-ki	N6	1
na-po	N5	1
da-we-ro	N1	1
na-jo	N1	1
a-da-wa-si-jo	N1	1
do-e-ro-jo	N1	1
e-u	N1	1
pi-ta	N1	1
re-ro	N1	1
pe-se-to	N1	1
e-ta-wo-jo	N1	1
a3-to	N3	1
wa-si-ro	N5	1
ma-ta-u-ro	N3	1
o-ri-mo	N1	1
pi-ja-mu-nu	N1	1
ni-ta	N1b	1
o-sa-po-to	N1	1
mo-ro-qa	N1	1
ke-to-ro	N1	1
we-wo-ni-jo	N1	1
ku-no-o	N1	1
me-tu-ro	N1	1
po-ro-i	N1	1
e-u-o-mo	N6	1
o-re-i	N1	1
qa-da-so	N3	1
e-pi-ke-re	N7	1
pa-ra-to	N3	1
e-re-pa-to	N6	1
ka-ra-ma-to	N5	1
ke-ma-ta	N5	1
me-re-ja	N6	1
pe-ri-qo	N3	1
re-me-to	N3	1
re-to	N3	1
a-ro-po	N1	1
e-u-ka-no	N2	1
da-i-ta-ra-ro	N3	1
ra-wa-ra-ti-ja	N1	1
a2-ki-ja	N1b	1
ma-sa	N1	1
pa-ru	N3	1
ka-pa	N7	1
u-pi-ja-ki-ri-jo	N1b	1
wa-wo-u-de	N1b	1
te-ru-ro	N3	1
ke-u	N3	1
a3-du-wo-na	N1	1
wi-ja-na-tu	N1	1
i-ta-ja	N1	1
qa-sa-ro-we	N1	1
mi-ta-qo	N3	1
e-wo-ta-de	N1	1
pe-re-qo-ta	N2	1
a-re-i	N6	1
di-ra-qo	N3	1
ra-so	N3	1
e-ke-a	N5	1
e-mi-ja-ta	N5	1
ka-mu-ko-to	N5	1
ke-ra-ja	N5	1
we-ka-di-jo	N5	1
ma-ke-ra	N5	1
de-ro	N5	1
a-ti-ka	N5	1
qa-da-ro	N5	1
ka-sa-no	N5	1
to-ro-ki-no	N5	1
wi-ri-ki-no	N5	1
re-po-so	N6	1
qe-te-se-u	N1	1
ke-ti-ra-wo	N6	1
wo-do	N5	1
ra-qi-ti-ra2	N1	1
ke-ta	N1	1
pe-ri-no	N1	1
a-no-me-de	N1	1
qi-si-ja-ko	N1	1
mu-to-na	N1	1
ka-pa-ra2	N1	1
ka-ri-si-jo	N5	1
ko-a2-ta	N5	1
ko-do-ro	N5	1
no-si-ja	N6	1
i-ke-se-ra	N3	1
a-ka-to-wa	N6	1
pe-ki-ti-ra2	N1	1
di-ki-nu-wo	N3	1
ki-jo-qe-u	N1b	1
e-ro-ma-to	N1	1
mi-to-no	N1b	1
mu-ko	N1b	1
da-ka-sa-na-ta	N1b	1
a-we-u-pi	N1	1
ma-ta-i	N1b	1
e-qa-ro	N3	1
te-o-ne	N1	1
o-wi-ti-ni-jo	N1b	1
si-we	N1	1
si-re-we	N1	1
tu-da-ra	N3	1
me-qe	N1	1
ra-to-po-ro	N1	1
e-wo-ro-qe	N1	1
re-u-ka-so	N2	1
ja-ma-ra	N5	1
po-mi-ni-jo	N5	1
wa-du-na	N5	1
re-u-ko-ro-o-pu2-ru	N1	1
a3-ta-ro	N1	1
wi-du-wo-i-jo	N1	1
a-me-no	N1	1
pa-pu-so	N1	1
a-ka-sa-no	N1	1
na-wa-to	N5	1
ru-ki-jo	N5	1
a-na-te-u	N5	1
a-re-te-re-u	N6	1
ko-ro-ki-ja-o	N1b	1
te-mi-ro	N3	1
te-ru-sa	N3	1
ko-to-no	N7	1
a-ze-o	N3	1
e-u-wa-re	N1	1
o-ke-te-u	N1	1
pe-ri-qo-ta	N1	1
a-me-to	N1	1
ta-re-u	N1	1
tu-ri-jo	N1	1
ta-na-wo	N5	1
pe-qe-u	N5	1
o-ti-ra2	N1	1
ke-nu-wa-so	N5	1
su-ru-so	N3	1
wi-da-ka-so	N3	1
e-ka-ra	N7	1
a-ra-ka-jo	N1	1
po-ki-te	N1	1
ma-di-qo	N1	1
to-wa-no	N1	1
pu-na-si-jo	N1	1
e-wi-to-wo	N1	1
re-ka-ta	N1	1
ma-ja-ro	N1	1
a-wa-ti-ka-ra	N1	1
no-sa-ro	N3	1
a-me-a	N3	1
ki-mu-ku	N3	1
tu-qa-ni-ja-so	N3	1
a-ka-na-jo	N1b	1
ko-wa-to	N1	1
ma-ra-te-u	N1	1
da-to-re-u	N1	1
wo-ki-ro	N1	1
ke-zo	N1	1
po-ri-ko	N1	1
pu-za-ko	N1	1
wo-ze	N7	1
pa-re	N3	1
pi-ki-nu-wo	N3	1
ki-ta-ne-to	N3	1
pa-mo	N3	1
me-ri-to	N6	1
ta-ki-ti-ta	N1	1
e-wi-ri-po	N1	1
ma-ra-ne-nu-we	N1	1
po-ti-ja-ke-e	N1	1
za-ku-si-jo	N1	1
e-ke-ra2-wo-no	N1	1
ko-ni-jo	N5	1
me-ta-ki-ti-ta	N1	1
we-re-ka-ra	N1b	1
te-qa-ta-qe	N1	1
ku-do	N3	1
sa-ze-ro	N3	1
a-ki-re-u	N6	1
me-nu-wa	N5	1
wi-da-jo	N5	1
di-we-so	N5	1
o-ku-na-wo	N5	1
pe-ri-ta	N5	1
a-pi-ja-ko-ro-jo	N6	1
i-so	N3	1
pu-ke-se-ro	N1	1
re-qo-we	N1	1
qe-ta-ra-je-u	N1	1
du-re-u	N1	1
a-pa-je-u	N1	1
pa-pa-ra-ko	N1	1
ma-ta-ko	N5	1
ku-ke-re-u	N5	1
a-ti-ja-wo	N5	1
wa-ra-ko-no	N5	1
qe-re-me-ne-u	N5	1
e-qe	N1	1
po-to-ro-wa-pi	N1	1
pi-me-ta	N2	1
a-ri-wo-ne	N2	1
do-qo-no	N2	1
wo-ki-to	N2	1
o-we-to	N1b	1
e-ke-me-de	N3	1
pi-ri-je-te-re	N1	1
a-de-te-re	N1	1
ke-ra-me-we	N1	1
re-ka-ta-ne	N1b	1
wa-a2-te-we	N1b	1
a-nu-wa	N1b	1
ku-ru-so-wo-ko	N1	1
to-ko-so-wo-ko	N1	1
to-tu-no	N3	1
te-pe-ja-o	N1b	1
o-nu-ke-ja	N1	1
e-qa-jo	N3	1
ki-je-u	N6	1
a-pi-ja-re	N6	1
a-pa-ni-jo	N3	1
po-ro-tu-qo-no	N6	1
a-ta-qe	N1	1
ka-nu-se-u	N1b	1
ta-to-qe	N1	1
e-we-de-u	N6	1
a-ri-qo	N1b	1
ra-wa-ra-ta	N1b	1
e-pa-re	N1	1
pe-ri-to-wo	N6	1
wa-ra-pi-si-ro	N1b	1
i-jo-qe	N1	1
ka-ri-se-u-qe	N1	1
e-u-po-ro-qe	N1	1
wa-a2-ta	N1b	1
de-u-ki-jo-qe	N1	1
o-ri-ko	N1	1
ru-na-so	N3	1
pe-re	N1	1
to-ko-so-ta	N6	1
pa-na	N3	1
ra-si-jo	N1	1
ta-ja-no	N3	1
ke-e	N1	1
mi-ka-to	N6	1
e-wa-ra-jo	N3	1
si-ra-no	N5	1
i-ra-ko-to	N5	1
pi-we-re	N1	1
po-me	N3	1
o-wi-ro	N3	1
si-ki-to	N3	1
di-ko-to	N3	1
e-ma-a2-o	N1	1
di-za-so	N3	1
a2-ra-tu-a	N1b	1
i-wa-si-jo-ta	N1	1
o-ru-ma-to	N1b	1
a2-ka-a2-ki-ri-ja-jo	N1b	1
u-ru-pi-ja-jo-jo	N1	1
e-pi-jo-ta-na	N1	1
si-ni-to	N3	1
wi-ja-we-ra2	N1b	1
a-ko-te-u	N1	1
ku-ka-ra-so	N1b	1
pu-ma-ra-ko	N1b	1
di-ta-ka-so	N3	1
ku-jo	N3	1
u-ta	N3	1
e-u-me-ta	N3	1
a-pi-a2-ro	N1	1
a-no-ke-wa	N1	1
ko-ro-su-ka	N1	1
a-ta-wo	N1	1
ta-ra-to	N1	1
me-to-qe-u	N1	1
a-ke-o	N1b	1
ki-du-ro	N1	1
qa-ra2	N1	1
ko-to-ne-we	N1	1
te-jo	N3	1
re-ta-mo	N1	1
wa-da-ko	N1	1
si-no-u-ro	N1	1
e-ke-da-mo	N1	1
o-ki-ra	N1	1
o-ti-na-wo	N1	1
du-pi-jo	N6	1
ko-ku-ro	N1	1
to-na-ta	N1	1
a-so-qi-jo	N1	1
pi-ri-u-wo	N1	1
e-ne-ra	N1	1
te-ra	N3	1
tu-ma-ko	N1	1
ra-mi-ni-ja	N1	1
a-ke-ro	N1	1
te-re-do	N1b	1
ka-na-pe-u	N1	1
na-ma-ru-ko	N1	1
ke-ra-me-u	N1	1
da-u-da-ro	N1b	1
pe-re-ke-u	N1	1
di-u-ja	N1b	1
ke-re-ta-o	N1b	1
a-sa-ma-o	N1	1
mo-ri-wo	N1	1
ma-ni-ko	N1	1
pa-ra-ku	N1	1
e-mi-to	N1	1
e-ki-si-jo	N1	1
a-te-we	N1	1
pa-ko	N1b	1
ta-ro	N3	1
na-wi-ro	N3	1
ro-jo	N1	1
ki-da-ro	N7	1
sa-qa-re	N3	1
pe-qo-ta	N7	1
a-ra-si-jo	N3	1
mo-ro-qo-ro-jo	N2	1
po-me-no	N7	1
qe-re-ma-o	N5	1
sa-me	N1	1
pi-ja-to	N1	1
to-pe-si	N1	1
me-de	N1	1
i-za-re	N1	1
si-ja-qo	N1	1
ke-we-da	N1	1
ze-ro	N3	1
ma-se-de	N1	1
pa-u-ro	N3	1
qi-ja-to	N3	1
te-ra-u-re-o	N1	1
e-ne-e-si	N1	1
me-ni-jo	N1	1
o-nu-ke-ja-o	N1b	1
e-pi-ja-ta	N1	1
e-re-u-ta	N1	1
a-ma-to-wo	N1	1
pi-wa-to	N1	1
e-ri-ma-si-jo	N2	1
si-ri-pi-jo	N3	1
e-wi-ta-jo	N6	1
pi-ri-to-jo	N1	1
su-ki-ri-ta-jo	N1b	1
wo-we-u	N1	1
pa-ta-ti-jo	N1b	1
qi-ko-we-e	N1b	1
ka-ta-mi-jo	N1b	1
ko-ri-jo	N3	1
de-ke-se-u	N3	1
o-ku-no	N3	1
de-ko-to	N1	1
ke-ro-u-te-u	N1	1
e-te-re-ro	N1	1
ka-wi-ta	N1	1
o-pe-se-to	N1b	1
a-ke-e	N1b	1
e-te-wa-jo	N1	1
a-no-ze-we	N1	1
te-re-te-we	N1	1
wo-qo	N1	1
do-qe-u	N1	1
e-i-ja-si	N1	1
po-ti-jo	N1	1
mo-ko-ro	N1	1
pe-ti-ni-jo	N1	1
ki-ri-se-we	N1	1
we-re-ka-ra-ta	N1	1
ra-u-ko	N3	1
ko-ti	N3	1
ra-pi-ti-ra2	N1	1
si-ra-ko	N3	1
re-ka-se-ra-wo	N6	1
qe-te-o	N1b	1
e-pi-ki-to-ni-ja	N1	1
ku-ke-so	N3	1
da-mi-jo	N7	1
a-ke-re-mo-no	N5	1
ri-ro	N3	1
sa-ma-ri-jo	N3	1
qi-ta-ro	N3	1
da-ra-ko	N1	1
ko-ro-tu-no	N1	1
ra-wo-ke-ta	N1	1
a2-ro	N1	1
wa-ni-ko	N1	1
e-u-ro-to-qo	N5	1
wi-jo-qo-ta	N3	1
wi-ja	N5	1
re-we	N1	1
wi-ro-jo	N3	1
ma-di	N1	1
pe-te-u	N1	1
qa-ra-su-ti-jo	N3	1
ku-ka-ro	N3	1
me-ki-ti	N3	1
ro-no-de	N1	1
po-to-a2-ja-de	N1	1
te-re-ja-de	N1	1
o-ke-u-ri-jo	N1	1
a-ko-ro-we-i	N1	1
e-to	N3	1
wo-jo	N3	1
ku-ru-no	N6	1
a-ko-ro-da-mo-jo	N1	1
tu-wi-jo	N6	1
ta-pa-e-o-te	N1	1
ka-ma-jo	N1	1
o-pi-ra-i-ja	N1	1
da-wi-ja	N1b	1
ne-ki-ri-de	N1	1
ki-sa	N3	1
mi-ni-si-ja	N3	1
de-di-ku-ja	N1	1
a-ku-na-i	N1	1
tu-ri	N6	1
wa-du-ka-sa-ro	N3	1
e-u-da-i-ta	N1	1
ka-ma-to	N3	1
e-pi-ko-o	N1	1
pi-sa-wa-ta	N1	1
wo-si-jo-ne	N1	1
pa-te	N1	1
we-u-da-ne-we	N2	1
pa-sa-ko-me-no	N6	1
po-ru-qo-to	N1	1
ke-re-te	N1b	1
ka-si-ko-no	N1	1
du-ro	N3	1
re-u-ko	N1	1
wa-ra-ki-no	N1	1
ko-tu-we	N1b	1
ko-sa-ma-ne	N1	1
me-ri-wa-ta	N3	1
e-ne-ke-se-u	N3	1
o-to	N7	1
to-na	N7	1
ki-ma-ra-o	N1b	1
za-te-o	N1	1
se-wo-te	N1	1
re-wa-jo	N2	1
ka-ti	N1	1
a-no-qo-ta-o	N3	1
ti-ki-jo	N2	1
a-ta-ro-we	N1	1
pu-ro-jo	N1	1
ri-na-ko-ro	N1	1
ka-nu-ta-jo	N1b	1
a-so-na	N1	1
ka-ke-u-si	N2	1
we-ro-ta	N1	1
a-ko-ro	N1b	1
e-pe-ke	N1	1
pu-do-si	N1	1
e-ra-jo	N6	1
si-ja-du-we	N3	1
te-ko-to-ne	N1	1
wi-ja-ni-jo	N1	1
ko-tu-ro2	N1	1
ma-na-si-we-ko	N1	1
da-ma-so	N1	1
ma-wa-si-jo	N1	1
ro-no	N1	1
i-ta-ra-jo	N5	1
wi-ja-te-wo	N5	1
no-e-u	N5	1
tu-ri-ja-jo	N5	1
e-pe-ke-u	N5	1
pu-te-u	N5	1
ko-ne-wa-ta	N5	1
qe-to-ro-no	N5	1
ko-za-ro	N1	1
a-ke-wa-ta	N1	1
sa-ke-re-u	N1	1
ko-ta-wo	N1	1
da-u-ta-ro	N1	1
e-u-wa-ko-ro	N5	1
wa-ti-ro	N5	1
to-sa-no-jo	N1	1
a-mu-ta-wo-no	N1	1
u-ro2	N3	1
wi-su-ro	N3	1
re-ja	N1	1
ri-wi-jo	N1	1
do-qo-so	N1	1
a-re-su-ti-jo	N1	1
ro-wo	N1	1
ma-ra-ta	N1	1
a-no-ta	N1	1
si-ra-ta	N1	1
ra-wo-qo-ta	N1	1
pa-ku-ro2	N1	1
ka-ke-u	N1	1
ko-ma-we	N1	1
e-u-we-to	N1	1
e-ke-i-ja-ta	N1	1
wo-wa-ro	N1	1
du-wo-jo	N5	1
po-ra-i	N1	1
so-mo	N3	1
ti-ri-jo-qa	N6	1
ko-no-si-ja	N3	1
ki-jo	N1b	1
pi-ra-qo	N6	1
ka-no	N6	1
ra-ne-to	N3	1
ko-no-so-de	N1	1
po-da-qe-re-si-je-wo	N6	1
ku-ro2-jo	N1b	1
te-re-ne-wi-ja	N1	1
e-ki-no	N3	1
ra-wa-si-jo	N7	1
wi-jo-qo-ta-o	N3	1
me-wi-jo	N1b	1
o-ki-ri-so	N1	1
ka-sa	N1	1
sa-qa	N3	1
ka-di-ja	N6	1
e-ru-ti-ri-jo	N6	1
wo-ra-ke-re	N6	1
a-ra-ka-te-ja-o	N1b	1
wo-de-wi-jo	N6	1
si-pe-we	N1	1
e-ra-ne	N1	1
u-wo-qe-we	N1	1
we-re-we	N1	1
we-wa-do-ro	N3	1
sa-nu-we-ta	N3	1
e-ka	N3	1
ki-ri-ne-to	N3	1
ta-qa-ra-ti	N5	1
no-ri-wo-ko-jo	N1b	1
da-i-ja-ke-re-u	N1	1
ku-sa-me-ni-jo	N1b	1
a-da-ra-ti-jo	N1	1
ko-no-si	N3	1
a3-wa-ta	N6	1
si-ra-so	N1	1
ka-mo	N1	1
wi-na-to	N1	1
te-so	N1b	1
qa-qa-ro	N1b	1
qa-sa-ko	N3	1
po-ka-ro	N3	1
jo-jo	N1	1
qa-sa	N3	1
ku-te-ra-o	N1b	1
po-i-te-u	N3	1
ki-ma-ra	N1	1
i-ne-u	N3	1
su-ko	N5	1
o-ro-qa	N5	1
da-i-ra	N5	1
o-du	N5	1
te-ja-ro	N5	1
o-na-ja	N3	1
te-ru-wo-te	N1	1
a-ke-wo	N1b	1
we-ke-i-ja	N1	1
di-za	N3	1
me-te-to-de	N1	1
sa-ma-ra-de	N1	1
re-u-ko-to-ro	N1	1
to-ma-ko	N1b	1
wo-no-qo-so-qe	N1	1
mi-ti	N3	1
ta-we-si-jo-jo	N1b	1
a-pi-qo-o	N1b	1
o-to-wo-o	N1b	1
ka-ma-e-we	N1	1
a3-ku-pi-ti-jo	N3	1
a-qi-ru	N1	1
qa-ra2-wo	N1	1
wi-to	N5	1
qe-ri	N3	1
me-zo-e	N5	1
me-wi-jo-e	N5	1
wi-ra-ne	N3	1
a-ki-ri-ja	N1	1
ko-to-no-o-ko	N7	1
ku-mi-so	N3	1
ka-ro-qo	N1	1
pi-ra-ki	N1	1
qa-ra-si-jo	N1	1
qe-ta-wo	N1	1
ta-mi-je-u	N1	1
e-u-ru-wo-ta	N1	1
e-u-do-no	N1	1
po-ro-u-te-u	N1	1
wi-du-wa-ko	N1	1
ke-we-to	N5	1
pe-ta-ro	N5	1
ke-we-to-jo	N5	1
i-wa-ka-o	N5	1
pa-qo-si-jo-jo	N5	1
po-ro-u-te-wo	N5	1
tu-ke-ne-u	N1	1
pu2-si-ja-ko	N5	1
we-we-si-je-ja-o	N1b	1
e-u-ko	N6	1
da-mo-ko-ro	N1	1
a-no-qa-si-ja	N7	1
si-pa-ta-do	N3	1
ku-i-so	N3	1
ku-ja-ro	N3	1
re-u-si-wo-qe	N1	1
i-qe-ja	N1	1
ta-ni-ko-qe	N1	1
me-ta-ka-wa	N1b	1
e-we-za-no	N1	1
to-ze-u	N1	1
re-si-wo	N1	1
a-pi-e-ra	N1b	1
ru-ko-ro	N1	1
ke-re-u	N1	1
po-ni-ki-jo	N1b	1
ti-ri-ti-jo	N7	1
qa-mi-jo	N7	1
pu-si-jo	N7	1
ko-to-na-no-no	N7	1
i-mi-ri-jo	N3	1
a-no-no	N7	1
jo-te	N3	1
a-re-ta2	N3	1
ko-we-qe	N1	1
zo-wa	N2	1
wi-ri-ne-u	N1	1
wi-jo-qo	N3	1
tu-ro	N1b	1
da-wi	N3	1
ka-ta-wo	N3	1
no-ri-wo-ko	N1	1
ku-su-pa-ta	N3	1
na-ni	N6	1
o-to-ro	N3	1
ka-sa-ro	N3	1
tu-zo	N1	1
ka-ne-u-ta	N3	1
e-pi-ko-wo	N6	1
ka-te-u	N3	1
se-do	N3	1
ka-da-i-so	N3	1
e-u-mo	N3	1
se-to-i	N3	1
a-ze-ta	N3	1
ki-sa-nu-mo	N3	1
no-ta-na	N3	1
ri-to-wo	N6	1
ri-sa-ta	N3	1
ta-ra-ma-o	N1b	1
qe-to-ro-po-pi	N1	1
e-ru-si-jo	N2	1
a3-ki-e-we	N2	1
wa-do-me-no	N2	1
a-ta-no-re	N2	1
e-ri-we-ro	N2	1
wi-sa-to	N2	1
e-u-qo-ne	N2	1
te-pe-u	N1	1
pu-ti-ja	N1	1
a-wa-ta	N1	1
ka-u-ti-ta	N1	1
o-te-se-u	N3	1
ja-se	N3	1
me-re-ti-ra2	N1	1
e-te-wa-no	N2	1
ra-pa	N3	1
wa-na-ta	N2	1
ra-qi-ti-ra2-o	N1b	1
wi-du-ro	N1	1
jo-si	N1	1
qo-ja-si	N1	1
pa-wi-no	N1	1
pu2-ra-ne-jo	N1	1
a-ka-de	N1	1
o-pe-ta	N1	1
a-ta-ma-ta	N1	1
e-ke-se	N1	1
a-tu-qo-ta	N1	1
sa-za-ro	N1	1
ku-pe-re-te	N1	1
me-ne-u	N1	1
ra-no	N1	1
a-me-ja-si	N1	1
te-pe	N5	1
e-ka-no	N5	1
pe-re-qo-no	N5	1
ko-no	N5	1
ma-ka-ta	N5	1
wi-jo-ro-jo	N5	1
wa-tu-ta	N5	1
o-wo-ta	N5	1
o-ru-we-ro	N5	1
po-so-ra-ko	N5	1
wa-ti-ko-ro	N5	1
a-pi-jo	N5	1
ne-qe-u	N1	1
e-u-me-ne	N1	1
e-ru-ta-jo	N1	1
e-u-ko-me-no	N5	1
di-nu-wa-ta	N5	1
wa-du-ri-jo	N5	1
o-wi-da	N5	1
ra-wi-zo	N3	1
za-ki-ri-jo	N6	1
pa-ko-qe	N1	1
di-ki	N3	1
ki-ni-di-ja-o	N1b	1
ko-ku	N3	1
se-me-tu-ro	N3	1
sa-ma-ja-so	N3	1
a3-nu-me-no	N1	1
ku-te-re-u	N1	1
a-ra-i-jo	N1	1
wa-ne-u	N1	1
we-si-jo-jo	N1b	1
ke-ro-si	N1	1
a-pi-qo-ta-o	N1b	1
ro-si-ja	N1	1
da-ra-mu-ro	N3	1
o-wo-ze	N7	1
da-ma	N3	1
su-ti-jo	N3	1
ne-do-wo-ta-de	N1	1
o-ne-u	N3	1
ta-we-si-jo	N3	1
pe-ri-to	N6	1
ti-tu	N2	1
e-te-wa	N2	1
i-sa-na-o-ti	N2	1
pi-ro-qo-ro	N2	1
we-we-ro	N6	1
e-pi-ke-to	N7	1
ro-o-wa	N1	1
po-ra-pi	N1	1
to-wi-no	N3	1
qi-si-ta	N3	1
a-qi-ro	N3	1
su-ta-no	N3	1
pa-ra-ti-jo	N1	1
ke-mo	N3	1
na-ru	N3	1
u-wo-qe-ne	N6	1
u-du-ru-wo	N5	1
ku-pa-sa	N5	1
ka-ta-ra-pi	N5	1
a-pe-a-sa	N6	1
i-ta-mo	N1b	1
we-ra-te-ja	N1	1
ka-to	N3	1
e-re-pa-i-ro	N6	1
ra-u-ra-ta	N3	1
pu-nu-so	N3	1
me-ta-ri-ko-wo	N6	1
e-ra-to	N3	1
ra-wa-ke-ja	N1b	1
a-nu-wi-ko	N1	1
a-ra-da-jo	N1	1
pi-ja-si-ro	N1	1
si-pu2	N1	1
pu-te	N1	1
ja-sa-no	N1	1
qa-me-si-jo	N1	1
mi-ja-ra-ro	N1	1
pi-ri-no	N1	1
qa-to-no-ro	N1	1
pe-te-ki-ja	N1	1
ko-ni-da-jo	N1	1
i-te-u	N1	1
pu-to-ro	N1	1
ka-ke	N1	1
pu-wo	N1	1
a-ra-na-ro	N1	1
si-ja-pu2-ro	N1	1
si-re-wi-ja	N1	1
su-ki-ri-to	N1	1
ke-se-ra-wo	N1	1
ne-o-ta	N1	1
a3-wa-to	N1	1
sa-pi-ti-nu-wo	N1	1
a-qa-to	N1	1
du-ru-po	N1	1
qa-nu-wa-so	N1	1
wi-ro	N1	1
su-mi	N1	1
i-wa-ko	N1	1
a-pi-wa-to	N1	1
pi-ja-se-me	N1	1
su-ke-re-o	N1b	1
qa-si-re-wi-ja	N1	1
ku-to	N1	1
sa-u-ri-jo	N1	1
wi-ja-ma-ro	N1	1
a-pi-ra-wo	N1	1
wa-ru-wo-qo	N1	1
tu-ka-na	N6	1
te-qa-ja	N1	1
ja-mu-ta	N1	1
a-to-me-ja	N1	1
da-te-ne-ja	N1	1
pa-ja-ni	N1	1
wo-di-je-ja	N1	1
wi-so	N1	1
e-ti-wa-ja	N1	1
sa-ti-qi-to	N1	1
sa-mi	N1	1
si-ne-e-ja	N1	1
u-pa-ra	N1	1
ru-ta2-no	N1	1
du-tu-wa	N1	1
ke-pu	N1	1
wa-ra-ti	N1	1
a-nu-wa-to	N1	1
ki-so	N3	1
o-pi	N1b	1
pe-me	N1	1
i-ti-nu-ri	N3	1
ra-su-to-qe	N1b	1
te-qa-jo-i	N2	1
qe-re-ro	N2	1
o-to-ke-se-we	N2	1
ri-wa-so	N2	1
e-po-ro-jo	N2	1
su-ko-pu2-te-e	N2	1
o-ti-ri-ja	N1	1
sa-sa-jo	N3	1
a-na-ki-ti	N3	1
te-qa-jo	N2	1
pa-na-so	N7	1
ta-ra-qo	N7	1
ta-u-pa-du-we	N7	1
pe-ka-wo	N6	1
ru-wa	N6	1
u-de-wi-ne	N1	1
ku-su-to-ro-qa	N1	1
qe-ra-jo	N5	1
nu-to	N5	1
di-wo-a-ne	N6	1
ko-tu-ro2-ne	N2	1
ra-o-no	N3	1
ko-ro-da-mo	N3	1
we-wa-ta	N6	1
i-qo-jo	N7	1
we-we	N3	1
qo-si-jo	N3	1
a-ke-ta	N1	1
a-na-qo-ta	N1	1
ko-ma-we-ta	N1	1
pe-qo-no	N1	1
ra-wo-qo-no	N1	1
ko-a-ta	N1	1
ku-ni-ta	N1	1
o-pi-te-u-ke-we	N1	1
i-ke-se	N6	1
ta-pe-ro	N3	1
pe-ri-mo	N3	1
a-ke-ti-jo	N1	1
do-ro-me-u	N1	1
te-wa-ko-no	N1	1
i-na-o	N1	1
mi-ko-no	N1	1
ta-nu-ko	N1	1
to-ke-u	N1	1
da-na-ko	N1	1
re-a-mo	N1	1
su-ma-no	N3	1
ma-ra-pi-jo	N3	1
ta-jo	N5	1
e-pi-ta-jo	N5	1
i-pe-se-wa	N2	1
a3-te-re	N1	1
ja-ra-to	N3	1
ta-ta-ta	N1	1
da-na	N1	1
a-re-ko-to-re	N1	1
o-ne	N1	1
ne-o-to	N1	1
qa-ti-ja	N1	1
pa-ja-ro	N1	1
ki-ke-ro	N1	1
o-ti-ra2-o	N1b	1
sa-pa-ka-te-ri-ja	N1	1
ma-so-qe	N7	1
i-te-ja-o	N1b	1
qi-ja-zo	N3	1
a3-ke-wa-ta	N3	1
da-na-ro	N3	1
di-pa	N1	1
qe-ro2	N1	1
ne-jo	N6	1
ri-di-ne-to	N3	1
e-re-pa-ro	N1	1
e-ke-ro	N5	1
si-mu-ta	N5	1
ma-ri-ta	N5	1
me-ra-to	N5	1
pa-ra-ke-te-e-u	N1	1
a-ri-qa	N5	1
si-pa-ta-no	N5	1
pu-wa-ne	N5	1
ki-sa-qo	N3	1
ma-ka-wo	N5	1
pi-ro-ne-ta	N5	1
pa-qo-ta	N5	1
wa-ka-ta	N5	1
po-ru-e-ro	N5	1
e-wi-ri-pi-ja	N1	1
tu-ni	N3	1
ko-so-u-to-qe	N1	1
ku-mo-no-so	N3	1
sa-ma-ru	N6	1
ja-po	N5	1
wa-wa-ko	N1	1
e-re-e	N1	1
o-pe-ro-te	N1b	1
a-ri-ja-to	N1	1
ru-ki-ja	N1b	1
a-ko-wo	N1	1
e-qo-te	N1	1
ru-da-to	N3	1
za-ra-ro	N3	1
ka-ra-wi-so	N1	1
a-mo-ta-jo	N1	1
e-ki-wo	N1	1
ka-ka-po	N1	1
de-we-ro	N1	1
ka-sa-to	N1	1
qo-ta	N1	1
wi-tu-ta	N1	1
do-ro-jo	N5	1
de-we-ra	N3	1
pe-ro-qe	N1	1
a-mi-nu-wa-ta	N1	1
o-ko	N1	1
ko-ta-o	N3	1
mi-ni-jo	N3	1
a-ke-si-ja	N6	1
ko-so-jo	N1	1
qa-na	N3	1
a-ke-e-to	N3	1
pu-da-so	N3	1
to-ro-wa-ko	N1	1
na-no-to	N3	1
qa-ra2-ti-jo	N3	1
pu-ko	N3	1
ki-ri	N3	1
wo-ne-we	N1	1
ma-te-we	N1b	1
qa-i-po	N3	1
po-ru-ka-to	N6	1
a-du-ru-po-to	N3	1
wi-jo	N5	1
a-te-mo	N5	1
ki-ma-ta	N5	1
da-ko-so	N5	1
si-za	N5	1
pi-ma-na-ro	N5	1
si-ja-ma	N5	1
a-ma-no	N5	1
ra-ro	N3	1
pe-ki-ti-ra2-o	N1b	1
qi-zo	N3	1
e-ta-je-u	N1b	1
te-ko-to-a-pe	N1	1
wi-do-wo-i-jo	N1b	1
to-ro-wi-ka	N1b	1
po-ru-to	N1b	1
o-tu	N1b	1
sa-ni-jo	N1b	1
qe-re-me-ti-wo	N1	1
mu-ta-pi	N1	1
e-nu-wa-ri-jo	N5	1
pa-ja-wo-ne	N5	1
a-qi-ja-i	N1	1
a-mo-si	N1	1
ki-u-ro-i	N1	1
po-qe-wi-ja-i	N1	1
do-ka-ma-i	N1	1
te-ta	N6	1
ka-jo	N3	1
ta-ra2	N1	1
a-ri-ko	N3	1
ko-ko	N6	1
pe-re-ko	N1	1
da-te-we-ja	N3	1
mo-re	N3	1
o-qa	N1	1
pu2-ti-ja	N1	1
po-to-re-ma-ta	N1	1
wa-pa-no	N1	1
mo-da	N1	1
pe-po-ro	N1	1
e-pi-da-to	N1	1
ti-na-jo	N5	1
i-pe-ra-ta	N5	1
we-ro-pa-ta	N1	1
ki-u-ro	N1	1
do-ri-jo	N1	1
a-ki-wa-ta	N1	1
ki-ri-ja-si	N1	1
a-pi-me-de	N1	1
po-ti-ni-ja-we-ja	N3	1
qe-u	N3	1
wa-no-qe	N1	1
se-u	N3	1
e-wi-te-u	N1	1
su-se	N3	1
da-u-ta	N3	1
ru-wo-i-ko	N3	1
qe-da-do-ro	N3	1
pa-ki-ja-pi	N1b	1
wa-ra-ta2	N1b	1
e-ra-te-re-wa-pi	N1b	1
za-ma-e-wi-ja	N1b	1
e-re-i	N1b	1
ra-wa-ke-si-jo-jo	N7	1
a-ko-ro-qo-ro	N3	1
i-ta	N6	1
ku-ru-so-jo	N1	1
mi-ra-ti-ra	N1	1
ti-mi-za	N3	1
ka-mo-ni-jo	N3	1
re-qo-me-no	N6	1
si-re-u	N5	1
da-wa-no	N5	1
qi-qe-ro	N5	1
ku-ra-no	N5	1
ku-ta-i-jo	N5	1
ku-pa-nu-we-to	N5	1
ke-ka-to	N5	1
po-to-ri-jo	N5	1
pe-we-ri-jo	N5	1
a3-ni-jo	N5	1
sa-me-we	N2	1
ku-te-ra3	N1	1
a-wo-ro	N1	1
na-si-jo	N1	1
me-de-i-jo	N1	1
pa-no	N1	1
me-ki-to-ki-ri-ta	N1	1
ne-we-wi-ja-o	N1b	1
ka-do-wo	N1b	1
to-si-ta	N1b	1
me-ta-no	N1b	1
ka-ra-so	N1b	1
a-so-ta-o	N1	1
a-qi-ta	N6	1
ki-ma-to	N5	1
to-ri-jo	N1	1
mi-ka-ri-jo	N1	1
pu-ra-ta	N1	1
wi-ti-mi-jo	N5	1
a3-ki-e-wo	N5	1
mi-ka-ri-jo-jo	N5	1
pu-ra-ta-o	N5	1
e-ko-to-ri-jo	N2	1
do-ro-jo-jo	N2	1
e-ne-ti-jo	N1b	1
ka-ra-wa-ni-ta	N1b	1
po-ma-ko	N1	1
po-te-u	N1	1
